workerid,hitId,start_time,response,response_order
5d41ff88146fcc001a139150,66bcb3acc2bf9a8a4fb322dd,2024-08-21T00:41:08.007Z,fan,0
5d41ff88146fcc001a139150,66bcb3acc2bf9a8a4fb322dd,2024-08-21T00:41:08.007Z,february,1
5d41ff88146fcc001a139150,66bcb3acc2bf9a8a4fb322dd,2024-08-21T00:41:08.007Z,feelings,2
5d41ff88146fcc001a139150,66bcb3acc2bf9a8a4fb322dd,2024-08-21T00:41:08.007Z,freedom,3
5d41ff88146fcc001a139150,66bcb3acc2bf9a8a4fb322dd,2024-08-21T00:41:08.007Z,free,4
5d41ff88146fcc001a139150,66bcb3acc2bf9a8a4fb322dd,2024-08-21T00:41:08.007Z,feel,5
5d41ff88146fcc001a139150,66bcb3acc2bf9a8a4fb322dd,2024-08-21T00:41:08.007Z,fun,6
5d41ff88146fcc001a139150,66bcb3acc2bf9a8a4fb322dd,2024-08-21T00:41:08.007Z,funny,7
5d41ff88146fcc001a139150,66bcb3acc2bf9a8a4fb322dd,2024-08-21T00:41:08.007Z,fantastic,8
5d41ff88146fcc001a139150,66bcb3acc2bf9a8a4fb322dd,2024-08-21T00:41:08.007Z,freak,10
5d41ff88146fcc001a139150,66bcb3acc2bf9a8a4fb322dd,2024-08-21T00:41:08.007Z,fam,11
5d41ff88146fcc001a139150,66bcb3acc2bf9a8a4fb322dd,2024-08-21T00:41:08.007Z,family,12
5d41ff88146fcc001a139150,66bcb3acc2bf9a8a4fb322dd,2024-08-21T00:41:08.007Z,farm,13
5d41ff88146fcc001a139150,66bcb3acc2bf9a8a4fb322dd,2024-08-21T00:41:08.007Z,farming,14
5d41ff88146fcc001a139150,66bcb3acc2bf9a8a4fb322dd,2024-08-21T00:41:08.007Z,Farmington,15
668d822d705c807ed4664ae1,66bcb3acc2bf9a8a4fb322dd,2024-08-21T00:39:30.515Z,Fight,0
668d822d705c807ed4664ae1,66bcb3acc2bf9a8a4fb322dd,2024-08-21T00:39:30.515Z,Flight,1
668d822d705c807ed4664ae1,66bcb3acc2bf9a8a4fb322dd,2024-08-21T00:39:30.515Z,Frigid,2
668d822d705c807ed4664ae1,66bcb3acc2bf9a8a4fb322dd,2024-08-21T00:39:30.515Z,Fame,3
668d822d705c807ed4664ae1,66bcb3acc2bf9a8a4fb322dd,2024-08-21T00:39:30.515Z,Famous,4
668d822d705c807ed4664ae1,66bcb3acc2bf9a8a4fb322dd,2024-08-21T00:39:30.515Z,Factual,5
668d822d705c807ed4664ae1,66bcb3acc2bf9a8a4fb322dd,2024-08-21T00:39:30.515Z,Fact,6
668d822d705c807ed4664ae1,66bcb3acc2bf9a8a4fb322dd,2024-08-21T00:39:30.515Z,Forgiven,7
668d822d705c807ed4664ae1,66bcb3acc2bf9a8a4fb322dd,2024-08-21T00:39:30.515Z,Forsake,8
668d822d705c807ed4664ae1,66bcb3acc2bf9a8a4fb322dd,2024-08-21T00:39:30.515Z,Found,9
668d822d705c807ed4664ae1,66bcb3acc2bf9a8a4fb322dd,2024-08-21T00:39:30.515Z,Fright,10
668d822d705c807ed4664ae1,66bcb3acc2bf9a8a4fb322dd,2024-08-21T00:39:30.515Z,Frightening,11
668d822d705c807ed4664ae1,66bcb3acc2bf9a8a4fb322dd,2024-08-21T00:39:30.515Z,Freedom,12
668d822d705c807ed4664ae1,66bcb3acc2bf9a8a4fb322dd,2024-08-21T00:39:30.515Z,Fax,13
6604487bcefa53a1ccd4a684,66bcb3acc2bf9a8a4fb322dd,2024-08-21T00:40:40.680Z,Food,0
6604487bcefa53a1ccd4a684,66bcb3acc2bf9a8a4fb322dd,2024-08-21T00:40:40.680Z,Fudge,2
6604487bcefa53a1ccd4a684,66bcb3acc2bf9a8a4fb322dd,2024-08-21T00:40:40.680Z,Fridge,3
6604487bcefa53a1ccd4a684,66bcb3acc2bf9a8a4fb322dd,2024-08-21T00:40:40.680Z,Fun,4
6604487bcefa53a1ccd4a684,66bcb3acc2bf9a8a4fb322dd,2024-08-21T00:40:40.680Z,Funk,5
6604487bcefa53a1ccd4a684,66bcb3acc2bf9a8a4fb322dd,2024-08-21T00:40:40.680Z,Fund,7
6604487bcefa53a1ccd4a684,66bcb3acc2bf9a8a4fb322dd,2024-08-21T00:40:40.680Z,Fin,8
6604487bcefa53a1ccd4a684,66bcb3acc2bf9a8a4fb322dd,2024-08-21T00:40:40.680Z,Find,9
6604487bcefa53a1ccd4a684,66bcb3acc2bf9a8a4fb322dd,2024-08-21T00:40:40.680Z,Fine,10
6604487bcefa53a1ccd4a684,66bcb3acc2bf9a8a4fb322dd,2024-08-21T00:40:40.680Z,Fuse,11
66c1310dc23f1e2109f166ce,66bcb3acc2bf9a8a4fb322dd,2024-08-21T00:41:40.196Z,fried,0
66c1310dc23f1e2109f166ce,66bcb3acc2bf9a8a4fb322dd,2024-08-21T00:41:40.196Z,free,1
66c1310dc23f1e2109f166ce,66bcb3acc2bf9a8a4fb322dd,2024-08-21T00:41:40.196Z,food,2
66c1310dc23f1e2109f166ce,66bcb3acc2bf9a8a4fb322dd,2024-08-21T00:41:40.196Z,fire,3
66c1310dc23f1e2109f166ce,66bcb3acc2bf9a8a4fb322dd,2024-08-21T00:41:40.196Z,fret,4
66c1310dc23f1e2109f166ce,66bcb3acc2bf9a8a4fb322dd,2024-08-21T00:41:40.196Z,fred,5
66c1310dc23f1e2109f166ce,66bcb3acc2bf9a8a4fb322dd,2024-08-21T00:41:40.196Z,fry,6
66c1310dc23f1e2109f166ce,66bcb3acc2bf9a8a4fb322dd,2024-08-21T00:41:40.196Z,foot,7
66c1310dc23f1e2109f166ce,66bcb3acc2bf9a8a4fb322dd,2024-08-21T00:41:40.196Z,feet,8
66c1310dc23f1e2109f166ce,66bcb3acc2bf9a8a4fb322dd,2024-08-21T00:41:40.196Z,focus,9
66c1310dc23f1e2109f166ce,66bcb3acc2bf9a8a4fb322dd,2024-08-21T00:41:40.196Z,fuck,10
66c1310dc23f1e2109f166ce,66bcb3acc2bf9a8a4fb322dd,2024-08-21T00:41:40.196Z,fad,11
66c1310dc23f1e2109f166ce,66bcb3acc2bf9a8a4fb322dd,2024-08-21T00:41:40.196Z,fabric,12
66c1310dc23f1e2109f166ce,66bcb3acc2bf9a8a4fb322dd,2024-08-21T00:41:40.196Z,failure,13
66c1310dc23f1e2109f166ce,66bcb3acc2bf9a8a4fb322dd,2024-08-21T00:41:40.196Z,far,14
66c1310dc23f1e2109f166ce,66bcb3acc2bf9a8a4fb322dd,2024-08-21T00:41:40.196Z,fairy,15
66c1310dc23f1e2109f166ce,66bcb3acc2bf9a8a4fb322dd,2024-08-21T00:41:40.196Z,faith,16
66c1310dc23f1e2109f166ce,66bcb3acc2bf9a8a4fb322dd,2024-08-21T00:41:40.196Z,false,17
66c1310dc23f1e2109f166ce,66bcb3acc2bf9a8a4fb322dd,2024-08-21T00:41:40.196Z,fame,18
66c1310dc23f1e2109f166ce,66bcb3acc2bf9a8a4fb322dd,2024-08-21T00:41:40.196Z,family,19
5ef00061e45c1f1988455df5,66bcb3acc2bf9a8a4fb322dd,2024-08-21T00:42:28.665Z,full,0
5ef00061e45c1f1988455df5,66bcb3acc2bf9a8a4fb322dd,2024-08-21T00:42:28.665Z,food,1
5ef00061e45c1f1988455df5,66bcb3acc2bf9a8a4fb322dd,2024-08-21T00:42:28.665Z,fun,2
5ef00061e45c1f1988455df5,66bcb3acc2bf9a8a4fb322dd,2024-08-21T00:42:28.665Z,foot,3
5ef00061e45c1f1988455df5,66bcb3acc2bf9a8a4fb322dd,2024-08-21T00:42:28.665Z,fool,4
5ef00061e45c1f1988455df5,66bcb3acc2bf9a8a4fb322dd,2024-08-21T00:42:28.665Z,fine,5
5ef00061e45c1f1988455df5,66bcb3acc2bf9a8a4fb322dd,2024-08-21T00:42:28.665Z,fume,6
5ef00061e45c1f1988455df5,66bcb3acc2bf9a8a4fb322dd,2024-08-21T00:42:28.665Z,funeral,7
5ef00061e45c1f1988455df5,66bcb3acc2bf9a8a4fb322dd,2024-08-21T00:42:28.665Z,fruit,8
5ef00061e45c1f1988455df5,66bcb3acc2bf9a8a4fb322dd,2024-08-21T00:42:28.665Z,fig,9
5ef00061e45c1f1988455df5,66bcb3acc2bf9a8a4fb322dd,2024-08-21T00:42:28.665Z,figure,10
5ef00061e45c1f1988455df5,66bcb3acc2bf9a8a4fb322dd,2024-08-21T00:42:28.665Z,free,11
5ef00061e45c1f1988455df5,66bcb3acc2bf9a8a4fb322dd,2024-08-21T00:42:28.665Z,freedom,12
5ef00061e45c1f1988455df5,66bcb3acc2bf9a8a4fb322dd,2024-08-21T00:42:28.665Z,fan,13
5ef00061e45c1f1988455df5,66bcb3acc2bf9a8a4fb322dd,2024-08-21T00:42:28.665Z,feign,14
5ef00061e45c1f1988455df5,66bcb3acc2bf9a8a4fb322dd,2024-08-21T00:42:28.665Z,fat,15
5ef00061e45c1f1988455df5,66bcb3acc2bf9a8a4fb322dd,2024-08-21T00:42:28.665Z,frat,16
5ef00061e45c1f1988455df5,66bcb3acc2bf9a8a4fb322dd,2024-08-21T00:42:28.665Z,fraternity,17
665226461593afe79894c16c,66bcb3acc2bf9a8a4fb322dd,2024-08-21T00:41:28.919Z,fake,0
665226461593afe79894c16c,66bcb3acc2bf9a8a4fb322dd,2024-08-21T00:41:28.919Z,,1
665226461593afe79894c16c,66bcb3acc2bf9a8a4fb322dd,2024-08-21T00:41:28.919Z,fossil,2
665226461593afe79894c16c,66bcb3acc2bf9a8a4fb322dd,2024-08-21T00:41:28.919Z,fart,3
665226461593afe79894c16c,66bcb3acc2bf9a8a4fb322dd,2024-08-21T00:41:28.919Z,flake,4
665226461593afe79894c16c,66bcb3acc2bf9a8a4fb322dd,2024-08-21T00:41:28.919Z,fog,5
665226461593afe79894c16c,66bcb3acc2bf9a8a4fb322dd,2024-08-21T00:41:28.919Z,front,6
665226461593afe79894c16c,66bcb3acc2bf9a8a4fb322dd,2024-08-21T00:41:28.919Z,far,7
665226461593afe79894c16c,66bcb3acc2bf9a8a4fb322dd,2024-08-21T00:41:28.919Z,farther,8
665226461593afe79894c16c,66bcb3acc2bf9a8a4fb322dd,2024-08-21T00:41:28.919Z,frank,9
665226461593afe79894c16c,66bcb3acc2bf9a8a4fb322dd,2024-08-21T00:41:28.919Z,frost,10
665226461593afe79894c16c,66bcb3acc2bf9a8a4fb322dd,2024-08-21T00:41:28.919Z,first,11
5e3f04fdb721da159417a725,66bcb3acc2bf9a8a4fb322dd,2024-08-21T00:41:47.074Z,fun fall friend family forlorn folk four,0
5ceef64577a506001714c032,66bcb3acc2bf9a8a4fb322dd,2024-08-21T00:41:37.021Z,Fool,0
5ceef64577a506001714c032,66bcb3acc2bf9a8a4fb322dd,2024-08-21T00:41:37.021Z,first,1
5ceef64577a506001714c032,66bcb3acc2bf9a8a4fb322dd,2024-08-21T00:41:37.021Z,face,2
5ceef64577a506001714c032,66bcb3acc2bf9a8a4fb322dd,2024-08-21T00:41:37.021Z,fog,3
5ceef64577a506001714c032,66bcb3acc2bf9a8a4fb322dd,2024-08-21T00:41:37.021Z,flower,4
5ceef64577a506001714c032,66bcb3acc2bf9a8a4fb322dd,2024-08-21T00:41:37.021Z,flatulent,5
5ceef64577a506001714c032,66bcb3acc2bf9a8a4fb322dd,2024-08-21T00:41:37.021Z,figure,6
5ceef64577a506001714c032,66bcb3acc2bf9a8a4fb322dd,2024-08-21T00:41:37.021Z,figurine,7
5ceef64577a506001714c032,66bcb3acc2bf9a8a4fb322dd,2024-08-21T00:41:37.021Z,first,8
5b2973a08c745200013b84ae,66bcb3acc2bf9a8a4fb322dd,2024-08-21T00:42:05.836Z,furniture,0
5b2973a08c745200013b84ae,66bcb3acc2bf9a8a4fb322dd,2024-08-21T00:42:05.836Z,floor,1
5b2973a08c745200013b84ae,66bcb3acc2bf9a8a4fb322dd,2024-08-21T00:42:05.836Z,freezer,2
5b2973a08c745200013b84ae,66bcb3acc2bf9a8a4fb322dd,2024-08-21T00:42:05.836Z,fridge,3
66958688126ae60131512012,66bcb3acc2bf9a8a4fb322dd,2024-08-21T00:42:24.409Z,Fun,0
66958688126ae60131512012,66bcb3acc2bf9a8a4fb322dd,2024-08-21T00:42:24.409Z,Fish,1
66958688126ae60131512012,66bcb3acc2bf9a8a4fb322dd,2024-08-21T00:42:24.409Z,Fuck,2
66958688126ae60131512012,66bcb3acc2bf9a8a4fb322dd,2024-08-21T00:42:24.409Z,Funny,3
66958688126ae60131512012,66bcb3acc2bf9a8a4fb322dd,2024-08-21T00:42:24.409Z,Fishy,4
66958688126ae60131512012,66bcb3acc2bf9a8a4fb322dd,2024-08-21T00:42:24.409Z,Frank,5
66958688126ae60131512012,66bcb3acc2bf9a8a4fb322dd,2024-08-21T00:42:24.409Z,Food,6
66958688126ae60131512012,66bcb3acc2bf9a8a4fb322dd,2024-08-21T00:42:24.409Z,Fishing,7
66958688126ae60131512012,66bcb3acc2bf9a8a4fb322dd,2024-08-21T00:42:24.409Z,Fishing,8
66b14d28b85cfe52279f0aa5,66bcb3acc2bf9a8a4fb322dd,2024-08-21T00:42:14.836Z,Free,0
66b14d28b85cfe52279f0aa5,66bcb3acc2bf9a8a4fb322dd,2024-08-21T00:42:14.836Z,Follow,1
66b14d28b85cfe52279f0aa5,66bcb3acc2bf9a8a4fb322dd,2024-08-21T00:42:14.836Z,Feed,2
66b14d28b85cfe52279f0aa5,66bcb3acc2bf9a8a4fb322dd,2024-08-21T00:42:14.836Z,Feeder,3
66b14d28b85cfe52279f0aa5,66bcb3acc2bf9a8a4fb322dd,2024-08-21T00:42:14.836Z,Felt,4
66b14d28b85cfe52279f0aa5,66bcb3acc2bf9a8a4fb322dd,2024-08-21T00:42:14.836Z,Feelings,5
66b14d28b85cfe52279f0aa5,66bcb3acc2bf9a8a4fb322dd,2024-08-21T00:42:14.836Z,Feather,6
66b14d28b85cfe52279f0aa5,66bcb3acc2bf9a8a4fb322dd,2024-08-21T00:42:14.836Z,Feathers,7
66b14d28b85cfe52279f0aa5,66bcb3acc2bf9a8a4fb322dd,2024-08-21T00:42:14.836Z,Feathered,8
66b14d28b85cfe52279f0aa5,66bcb3acc2bf9a8a4fb322dd,2024-08-21T00:42:14.836Z,Fault,9
66b14d28b85cfe52279f0aa5,66bcb3acc2bf9a8a4fb322dd,2024-08-21T00:42:14.836Z,Faults,10
66b14d28b85cfe52279f0aa5,66bcb3acc2bf9a8a4fb322dd,2024-08-21T00:42:14.836Z,Faulter,11
66b14d28b85cfe52279f0aa5,66bcb3acc2bf9a8a4fb322dd,2024-08-21T00:42:14.836Z,Fawn,12
66b14d28b85cfe52279f0aa5,66bcb3acc2bf9a8a4fb322dd,2024-08-21T00:42:14.836Z,Freedom,13
66b14d28b85cfe52279f0aa5,66bcb3acc2bf9a8a4fb322dd,2024-08-21T00:42:14.836Z,Facility,14
66b14d28b85cfe52279f0aa5,66bcb3acc2bf9a8a4fb322dd,2024-08-21T00:42:14.836Z,Faculty,15
66b14d28b85cfe52279f0aa5,66bcb3acc2bf9a8a4fb322dd,2024-08-21T00:42:14.836Z,Finance,16
66b14d28b85cfe52279f0aa5,66bcb3acc2bf9a8a4fb322dd,2024-08-21T00:42:14.836Z,Financial,17
66b14d28b85cfe52279f0aa5,66bcb3acc2bf9a8a4fb322dd,2024-08-21T00:42:14.836Z,Fellow,18
66b14d28b85cfe52279f0aa5,66bcb3acc2bf9a8a4fb322dd,2024-08-21T00:42:14.836Z,Finite,19
66b14d28b85cfe52279f0aa5,66bcb3acc2bf9a8a4fb322dd,2024-08-21T00:42:14.836Z,Figure,20
66b14d28b85cfe52279f0aa5,66bcb3acc2bf9a8a4fb322dd,2024-08-21T00:42:14.836Z,Figures,21
66b14d28b85cfe52279f0aa5,66bcb3acc2bf9a8a4fb322dd,2024-08-21T00:42:14.836Z,Figured,22
66b14d28b85cfe52279f0aa5,66bcb3acc2bf9a8a4fb322dd,2024-08-21T00:42:14.836Z,Freak,23
66b14d28b85cfe52279f0aa5,66bcb3acc2bf9a8a4fb322dd,2024-08-21T00:42:14.836Z,Freaks,24
66b14d28b85cfe52279f0aa5,66bcb3acc2bf9a8a4fb322dd,2024-08-21T00:42:14.836Z,Freaked,25
61508722f5076c1a0ea2062b,66bcb3acc2bf9a8a4fb322dd,2024-08-21T00:41:51.715Z,fight,0
61508722f5076c1a0ea2062b,66bcb3acc2bf9a8a4fb322dd,2024-08-21T00:41:51.715Z,fist,1
61508722f5076c1a0ea2062b,66bcb3acc2bf9a8a4fb322dd,2024-08-21T00:41:51.715Z,face,2
61508722f5076c1a0ea2062b,66bcb3acc2bf9a8a4fb322dd,2024-08-21T00:41:51.715Z,fear,3
61508722f5076c1a0ea2062b,66bcb3acc2bf9a8a4fb322dd,2024-08-21T00:41:51.715Z,fence,4
61508722f5076c1a0ea2062b,66bcb3acc2bf9a8a4fb322dd,2024-08-21T00:41:51.715Z,father,5
61508722f5076c1a0ea2062b,66bcb3acc2bf9a8a4fb322dd,2024-08-21T00:41:51.715Z,fix,6
61508722f5076c1a0ea2062b,66bcb3acc2bf9a8a4fb322dd,2024-08-21T00:41:51.715Z,fins,7
61508722f5076c1a0ea2062b,66bcb3acc2bf9a8a4fb322dd,2024-08-21T00:41:51.715Z,fit,8
61508722f5076c1a0ea2062b,66bcb3acc2bf9a8a4fb322dd,2024-08-21T00:41:51.715Z,find,9
61508722f5076c1a0ea2062b,66bcb3acc2bf9a8a4fb322dd,2024-08-21T00:41:51.715Z,fire,10
61508722f5076c1a0ea2062b,66bcb3acc2bf9a8a4fb322dd,2024-08-21T00:41:51.715Z,family,11
61508722f5076c1a0ea2062b,66bcb3acc2bf9a8a4fb322dd,2024-08-21T00:41:51.715Z,future,12
61508722f5076c1a0ea2062b,66bcb3acc2bf9a8a4fb322dd,2024-08-21T00:41:51.715Z,fruit,13
61508722f5076c1a0ea2062b,66bcb3acc2bf9a8a4fb322dd,2024-08-21T00:41:51.715Z,French fry,14
61508722f5076c1a0ea2062b,66bcb3acc2bf9a8a4fb322dd,2024-08-21T00:41:51.715Z,ferret,15
61508722f5076c1a0ea2062b,66bcb3acc2bf9a8a4fb322dd,2024-08-21T00:41:51.715Z,feet,16
61508722f5076c1a0ea2062b,66bcb3acc2bf9a8a4fb322dd,2024-08-21T00:41:51.715Z,few,17
61508722f5076c1a0ea2062b,66bcb3acc2bf9a8a4fb322dd,2024-08-21T00:41:51.715Z,fair,18
664538489509c0d5d5f25338,66bcb3acc2bf9a8a4fb322dd,2024-08-21T00:41:55.524Z,forget,0
664538489509c0d5d5f25338,66bcb3acc2bf9a8a4fb322dd,2024-08-21T00:41:55.524Z,fall,1
664538489509c0d5d5f25338,66bcb3acc2bf9a8a4fb322dd,2024-08-21T00:41:55.524Z,free,2
664538489509c0d5d5f25338,66bcb3acc2bf9a8a4fb322dd,2024-08-21T00:41:55.524Z,fester,3
664538489509c0d5d5f25338,66bcb3acc2bf9a8a4fb322dd,2024-08-21T00:41:55.524Z,forgotten,4
664538489509c0d5d5f25338,66bcb3acc2bf9a8a4fb322dd,2024-08-21T00:41:55.524Z,flacid,5
664538489509c0d5d5f25338,66bcb3acc2bf9a8a4fb322dd,2024-08-21T00:41:55.524Z,fence,6
664538489509c0d5d5f25338,66bcb3acc2bf9a8a4fb322dd,2024-08-21T00:41:55.524Z,fork,7
664538489509c0d5d5f25338,66bcb3acc2bf9a8a4fb322dd,2024-08-21T00:41:55.524Z,fell,8
664538489509c0d5d5f25338,66bcb3acc2bf9a8a4fb322dd,2024-08-21T00:41:55.524Z,fist,9
664538489509c0d5d5f25338,66bcb3acc2bf9a8a4fb322dd,2024-08-21T00:41:55.524Z,fart,10
664538489509c0d5d5f25338,66bcb3acc2bf9a8a4fb322dd,2024-08-21T00:41:55.524Z,friend,11
664538489509c0d5d5f25338,66bcb3acc2bf9a8a4fb322dd,2024-08-21T00:41:55.524Z,family,12
664538489509c0d5d5f25338,66bcb3acc2bf9a8a4fb322dd,2024-08-21T00:41:55.524Z,folks,13
65564ac4a40e1a913f825bba,66bcb3acc2bf9a8a4fb322dd,2024-08-21T00:42:54.280Z,Family,0
65564ac4a40e1a913f825bba,66bcb3acc2bf9a8a4fb322dd,2024-08-21T00:42:54.280Z,Friends,1
65564ac4a40e1a913f825bba,66bcb3acc2bf9a8a4fb322dd,2024-08-21T00:42:54.280Z,Fun,2
65564ac4a40e1a913f825bba,66bcb3acc2bf9a8a4fb322dd,2024-08-21T00:42:54.280Z,Fiction,3
65564ac4a40e1a913f825bba,66bcb3acc2bf9a8a4fb322dd,2024-08-21T00:42:54.280Z,Fortune,4
65564ac4a40e1a913f825bba,66bcb3acc2bf9a8a4fb322dd,2024-08-21T00:42:54.280Z,Famine,5
65564ac4a40e1a913f825bba,66bcb3acc2bf9a8a4fb322dd,2024-08-21T00:42:54.280Z,Facts,6
65564ac4a40e1a913f825bba,66bcb3acc2bf9a8a4fb322dd,2024-08-21T00:42:54.280Z,Fortnite,7
65564ac4a40e1a913f825bba,66bcb3acc2bf9a8a4fb322dd,2024-08-21T00:42:54.280Z,Fork,8
65564ac4a40e1a913f825bba,66bcb3acc2bf9a8a4fb322dd,2024-08-21T00:42:54.280Z,Fumble,9
65564ac4a40e1a913f825bba,66bcb3acc2bf9a8a4fb322dd,2024-08-21T00:42:54.280Z,Fort,10
65564ac4a40e1a913f825bba,66bcb3acc2bf9a8a4fb322dd,2024-08-21T00:42:54.280Z,Funny,11
65564ac4a40e1a913f825bba,66bcb3acc2bf9a8a4fb322dd,2024-08-21T00:42:54.280Z,Fart,12
63f7b3a6b0aa00ea41771348,66bcb3acc2bf9a8a4fb322dd,2024-08-21T00:40:28.396Z,factor,0
63f7b3a6b0aa00ea41771348,66bcb3acc2bf9a8a4fb322dd,2024-08-21T00:40:28.396Z,flee,1
63f7b3a6b0aa00ea41771348,66bcb3acc2bf9a8a4fb322dd,2024-08-21T00:40:28.396Z,flea,2
63f7b3a6b0aa00ea41771348,66bcb3acc2bf9a8a4fb322dd,2024-08-21T00:40:28.396Z,fly,3
63f7b3a6b0aa00ea41771348,66bcb3acc2bf9a8a4fb322dd,2024-08-21T00:40:28.396Z,fog,4
63f7b3a6b0aa00ea41771348,66bcb3acc2bf9a8a4fb322dd,2024-08-21T00:40:28.396Z,face,5
63f7b3a6b0aa00ea41771348,66bcb3acc2bf9a8a4fb322dd,2024-08-21T00:40:28.396Z,flare,6
63f7b3a6b0aa00ea41771348,66bcb3acc2bf9a8a4fb322dd,2024-08-21T00:40:28.396Z,four,7
63f7b3a6b0aa00ea41771348,66bcb3acc2bf9a8a4fb322dd,2024-08-21T00:40:28.396Z,fear,8
63f7b3a6b0aa00ea41771348,66bcb3acc2bf9a8a4fb322dd,2024-08-21T00:40:28.396Z,fare,9
63f7b3a6b0aa00ea41771348,66bcb3acc2bf9a8a4fb322dd,2024-08-21T00:40:28.396Z,fair,10
63f7b3a6b0aa00ea41771348,66bcb3acc2bf9a8a4fb322dd,2024-08-21T00:40:28.396Z,fore,11
63f7b3a6b0aa00ea41771348,66bcb3acc2bf9a8a4fb322dd,2024-08-21T00:40:28.396Z,flop,12
63f7b3a6b0aa00ea41771348,66bcb3acc2bf9a8a4fb322dd,2024-08-21T00:40:28.396Z,flap,13
63f7b3a6b0aa00ea41771348,66bcb3acc2bf9a8a4fb322dd,2024-08-21T00:40:28.396Z,flip,14
63f7b3a6b0aa00ea41771348,66bcb3acc2bf9a8a4fb322dd,2024-08-21T00:40:28.396Z,flipper,15
63f7b3a6b0aa00ea41771348,66bcb3acc2bf9a8a4fb322dd,2024-08-21T00:40:28.396Z,flapper,16
63f7b3a6b0aa00ea41771348,66bcb3acc2bf9a8a4fb322dd,2024-08-21T00:40:28.396Z,found,17
63f7b3a6b0aa00ea41771348,66bcb3acc2bf9a8a4fb322dd,2024-08-21T00:40:28.396Z,founder,18
63f7b3a6b0aa00ea41771348,66bcb3acc2bf9a8a4fb322dd,2024-08-21T00:40:28.396Z,flounder,19
63f7b3a6b0aa00ea41771348,66bcb3acc2bf9a8a4fb322dd,2024-08-21T00:40:28.396Z,final,20
63f7b3a6b0aa00ea41771348,66bcb3acc2bf9a8a4fb322dd,2024-08-21T00:40:28.396Z,finale,21
63f7b3a6b0aa00ea41771348,66bcb3acc2bf9a8a4fb322dd,2024-08-21T00:40:28.396Z,fin,22
66c3d2cfe269ff14a61b48b6,66bcb3acc2bf9a8a4fb322dd,2024-08-21T00:44:04.578Z,Frank,0
66c3d2cfe269ff14a61b48b6,66bcb3acc2bf9a8a4fb322dd,2024-08-21T00:44:04.578Z,Fudge,1
66c3d2cfe269ff14a61b48b6,66bcb3acc2bf9a8a4fb322dd,2024-08-21T00:44:04.578Z,From,2
66c3d2cfe269ff14a61b48b6,66bcb3acc2bf9a8a4fb322dd,2024-08-21T00:44:04.578Z,Fart,3
66c3d2cfe269ff14a61b48b6,66bcb3acc2bf9a8a4fb322dd,2024-08-21T00:44:04.578Z,Forgo,4
66c3d2cfe269ff14a61b48b6,66bcb3acc2bf9a8a4fb322dd,2024-08-21T00:44:04.578Z,Forget,5
66c3d2cfe269ff14a61b48b6,66bcb3acc2bf9a8a4fb322dd,2024-08-21T00:44:04.578Z,Free,6
66c3d2cfe269ff14a61b48b6,66bcb3acc2bf9a8a4fb322dd,2024-08-21T00:44:04.578Z,Frozen,7
66c3d2cfe269ff14a61b48b6,66bcb3acc2bf9a8a4fb322dd,2024-08-21T00:44:04.578Z,Found,8
66c3d2cfe269ff14a61b48b6,66bcb3acc2bf9a8a4fb322dd,2024-08-21T00:44:04.578Z,Flown,9
66c3d2cfe269ff14a61b48b6,66bcb3acc2bf9a8a4fb322dd,2024-08-21T00:44:04.578Z,Faith,10
66c3d2cfe269ff14a61b48b6,66bcb3acc2bf9a8a4fb322dd,2024-08-21T00:44:04.578Z,Fair,11
66c3d2cfe269ff14a61b48b6,66bcb3acc2bf9a8a4fb322dd,2024-08-21T00:44:04.578Z,Fawn,12
66c3d2cfe269ff14a61b48b6,66bcb3acc2bf9a8a4fb322dd,2024-08-21T00:44:04.578Z,,13
665616bd2e3c013cde5789f5,66bcb3acc2bf9a8a4fb322dd,2024-08-21T00:42:25.065Z,fork,0
665616bd2e3c013cde5789f5,66bcb3acc2bf9a8a4fb322dd,2024-08-21T00:42:25.065Z,flock,1
665616bd2e3c013cde5789f5,66bcb3acc2bf9a8a4fb322dd,2024-08-21T00:42:25.065Z,fart,2
665616bd2e3c013cde5789f5,66bcb3acc2bf9a8a4fb322dd,2024-08-21T00:42:25.065Z,far,3
665616bd2e3c013cde5789f5,66bcb3acc2bf9a8a4fb322dd,2024-08-21T00:42:25.065Z,fair,4
665616bd2e3c013cde5789f5,66bcb3acc2bf9a8a4fb322dd,2024-08-21T00:42:25.065Z,fare,5
665616bd2e3c013cde5789f5,66bcb3acc2bf9a8a4fb322dd,2024-08-21T00:42:25.065Z,flower,6
665616bd2e3c013cde5789f5,66bcb3acc2bf9a8a4fb322dd,2024-08-21T00:42:25.065Z,flounder,7
665616bd2e3c013cde5789f5,66bcb3acc2bf9a8a4fb322dd,2024-08-21T00:42:25.065Z,flow,8
665616bd2e3c013cde5789f5,66bcb3acc2bf9a8a4fb322dd,2024-08-21T00:42:25.065Z,fold,9
665616bd2e3c013cde5789f5,66bcb3acc2bf9a8a4fb322dd,2024-08-21T00:42:25.065Z,foster,10
665616bd2e3c013cde5789f5,66bcb3acc2bf9a8a4fb322dd,2024-08-21T00:42:25.065Z,forest,11
665616bd2e3c013cde5789f5,66bcb3acc2bf9a8a4fb322dd,2024-08-21T00:42:25.065Z,fort,12
665616bd2e3c013cde5789f5,66bcb3acc2bf9a8a4fb322dd,2024-08-21T00:42:25.065Z,fig,13
665616bd2e3c013cde5789f5,66bcb3acc2bf9a8a4fb322dd,2024-08-21T00:42:25.065Z,fog,14
665616bd2e3c013cde5789f5,66bcb3acc2bf9a8a4fb322dd,2024-08-21T00:42:25.065Z,fern,15
665616bd2e3c013cde5789f5,66bcb3acc2bf9a8a4fb322dd,2024-08-21T00:42:25.065Z,fried,16
665616bd2e3c013cde5789f5,66bcb3acc2bf9a8a4fb322dd,2024-08-21T00:42:25.065Z,fry,17
665616bd2e3c013cde5789f5,66bcb3acc2bf9a8a4fb322dd,2024-08-21T00:42:25.065Z,fly,18
665616bd2e3c013cde5789f5,66bcb3acc2bf9a8a4fb322dd,2024-08-21T00:42:25.065Z,fun,19
665616bd2e3c013cde5789f5,66bcb3acc2bf9a8a4fb322dd,2024-08-21T00:42:25.065Z,funk,20
5dacdf401e90f600132de0e6,66bcb3acc2bf9a8a4fb322dd,2024-08-21T00:43:34.679Z,frog,0
5dacdf401e90f600132de0e6,66bcb3acc2bf9a8a4fb322dd,2024-08-21T00:43:34.679Z,fog,1
5dacdf401e90f600132de0e6,66bcb3acc2bf9a8a4fb322dd,2024-08-21T00:43:34.679Z,fake,2
5dacdf401e90f600132de0e6,66bcb3acc2bf9a8a4fb322dd,2024-08-21T00:43:34.679Z,facade,3
5dacdf401e90f600132de0e6,66bcb3acc2bf9a8a4fb322dd,2024-08-21T00:43:34.679Z,feign,4
5dacdf401e90f600132de0e6,66bcb3acc2bf9a8a4fb322dd,2024-08-21T00:43:34.679Z,feint,5
5dacdf401e90f600132de0e6,66bcb3acc2bf9a8a4fb322dd,2024-08-21T00:43:34.679Z,faint,6
5dacdf401e90f600132de0e6,66bcb3acc2bf9a8a4fb322dd,2024-08-21T00:43:34.679Z,flay,7
5dacdf401e90f600132de0e6,66bcb3acc2bf9a8a4fb322dd,2024-08-21T00:43:34.679Z,fry,8
5dacdf401e90f600132de0e6,66bcb3acc2bf9a8a4fb322dd,2024-08-21T00:43:34.679Z,feed,9
5dacdf401e90f600132de0e6,66bcb3acc2bf9a8a4fb322dd,2024-08-21T00:43:34.679Z,fetter,10
5dacdf401e90f600132de0e6,66bcb3acc2bf9a8a4fb322dd,2024-08-21T00:43:34.679Z,foot,11
5dacdf401e90f600132de0e6,66bcb3acc2bf9a8a4fb322dd,2024-08-21T00:43:34.679Z,follow,12
5dacdf401e90f600132de0e6,66bcb3acc2bf9a8a4fb322dd,2024-08-21T00:43:34.679Z,find,13
5dacdf401e90f600132de0e6,66bcb3acc2bf9a8a4fb322dd,2024-08-21T00:43:34.679Z,freeze,14
5dacdf401e90f600132de0e6,66bcb3acc2bf9a8a4fb322dd,2024-08-21T00:43:34.679Z,full,15
66639d063066dd36d7ac5a1b,66bcb3acc2bf9a8a4fb322dd,2024-08-21T00:41:49.355Z,for,0
66639d063066dd36d7ac5a1b,66bcb3acc2bf9a8a4fb322dd,2024-08-21T00:41:49.355Z,fact,1
66639d063066dd36d7ac5a1b,66bcb3acc2bf9a8a4fb322dd,2024-08-21T00:41:49.355Z,forest,2
66639d063066dd36d7ac5a1b,66bcb3acc2bf9a8a4fb322dd,2024-08-21T00:41:49.355Z,Forest,3
66639d063066dd36d7ac5a1b,66bcb3acc2bf9a8a4fb322dd,2024-08-21T00:41:49.355Z,facts,4
66639d063066dd36d7ac5a1b,66bcb3acc2bf9a8a4fb322dd,2024-08-21T00:41:49.355Z,factual,5
66639d063066dd36d7ac5a1b,66bcb3acc2bf9a8a4fb322dd,2024-08-21T00:41:49.355Z,famous,6
66639d063066dd36d7ac5a1b,66bcb3acc2bf9a8a4fb322dd,2024-08-21T00:41:49.355Z,fair,7
66639d063066dd36d7ac5a1b,66bcb3acc2bf9a8a4fb322dd,2024-08-21T00:41:49.355Z,fetch,8
66639d063066dd36d7ac5a1b,66bcb3acc2bf9a8a4fb322dd,2024-08-21T00:41:49.355Z,feast,9
6266a888ce0c626836c91bc6,66bcb3acc2bf9a8a4fb322dd,2024-08-21T00:42:52.628Z,fragrant,0
6266a888ce0c626836c91bc6,66bcb3acc2bf9a8a4fb322dd,2024-08-21T00:42:52.628Z,friend,1
6266a888ce0c626836c91bc6,66bcb3acc2bf9a8a4fb322dd,2024-08-21T00:42:52.628Z,follow,2
6266a888ce0c626836c91bc6,66bcb3acc2bf9a8a4fb322dd,2024-08-21T00:42:52.628Z,find,3
6266a888ce0c626836c91bc6,66bcb3acc2bf9a8a4fb322dd,2024-08-21T00:42:52.628Z,fellow,4
6266a888ce0c626836c91bc6,66bcb3acc2bf9a8a4fb322dd,2024-08-21T00:42:52.628Z,free,5
6266a888ce0c626836c91bc6,66bcb3acc2bf9a8a4fb322dd,2024-08-21T00:42:52.628Z,fortune,6
6266a888ce0c626836c91bc6,66bcb3acc2bf9a8a4fb322dd,2024-08-21T00:42:52.628Z,fortunate,7
6266a888ce0c626836c91bc6,66bcb3acc2bf9a8a4fb322dd,2024-08-21T00:42:52.628Z,feel,8
6266a888ce0c626836c91bc6,66bcb3acc2bf9a8a4fb322dd,2024-08-21T00:42:52.628Z,fend,9
6266a888ce0c626836c91bc6,66bcb3acc2bf9a8a4fb322dd,2024-08-21T00:42:52.628Z,fill,10
6266a888ce0c626836c91bc6,66bcb3acc2bf9a8a4fb322dd,2024-08-21T00:42:52.628Z,file,11
6266a888ce0c626836c91bc6,66bcb3acc2bf9a8a4fb322dd,2024-08-21T00:42:52.628Z,flick,12
6266a888ce0c626836c91bc6,66bcb3acc2bf9a8a4fb322dd,2024-08-21T00:42:52.628Z,fiction,13
6266a888ce0c626836c91bc6,66bcb3acc2bf9a8a4fb322dd,2024-08-21T00:42:52.628Z,frame,14
6266a888ce0c626836c91bc6,66bcb3acc2bf9a8a4fb322dd,2024-08-21T00:42:52.628Z,fry,15
65df3cf4bf05d8eff24ed78b,66bcb3acc2bf9a8a4fb322dd,2024-08-21T00:44:10.580Z,friend,0
65df3cf4bf05d8eff24ed78b,66bcb3acc2bf9a8a4fb322dd,2024-08-21T00:44:10.580Z,free,1
65df3cf4bf05d8eff24ed78b,66bcb3acc2bf9a8a4fb322dd,2024-08-21T00:44:10.580Z,fly,2
65df3cf4bf05d8eff24ed78b,66bcb3acc2bf9a8a4fb322dd,2024-08-21T00:44:10.580Z,fake,3
65df3cf4bf05d8eff24ed78b,66bcb3acc2bf9a8a4fb322dd,2024-08-21T00:44:10.580Z,forego,4
65df3cf4bf05d8eff24ed78b,66bcb3acc2bf9a8a4fb322dd,2024-08-21T00:44:10.580Z,future,5
65df3cf4bf05d8eff24ed78b,66bcb3acc2bf9a8a4fb322dd,2024-08-21T00:44:10.580Z,first,6
65df3cf4bf05d8eff24ed78b,66bcb3acc2bf9a8a4fb322dd,2024-08-21T00:44:10.580Z,feel,7
65df3cf4bf05d8eff24ed78b,66bcb3acc2bf9a8a4fb322dd,2024-08-21T00:44:10.580Z,flake,8
65df3cf4bf05d8eff24ed78b,66bcb3acc2bf9a8a4fb322dd,2024-08-21T00:44:10.580Z,fender,9
65df3cf4bf05d8eff24ed78b,66bcb3acc2bf9a8a4fb322dd,2024-08-21T00:44:10.580Z,find,10
65df3cf4bf05d8eff24ed78b,66bcb3acc2bf9a8a4fb322dd,2024-08-21T00:44:10.580Z,fun,11
65df3cf4bf05d8eff24ed78b,66bcb3acc2bf9a8a4fb322dd,2024-08-21T00:44:10.580Z,fist,12
5ffe3f18adbaca4ddb7e4006,66bcb3acc2bf9a8a4fb322dd,2024-08-21T00:42:52.612Z,fork,0
5ffe3f18adbaca4ddb7e4006,66bcb3acc2bf9a8a4fb322dd,2024-08-21T00:42:52.612Z,final,1
5ffe3f18adbaca4ddb7e4006,66bcb3acc2bf9a8a4fb322dd,2024-08-21T00:42:52.612Z,fair,2
5ffe3f18adbaca4ddb7e4006,66bcb3acc2bf9a8a4fb322dd,2024-08-21T00:42:52.612Z,forest,3
5ffe3f18adbaca4ddb7e4006,66bcb3acc2bf9a8a4fb322dd,2024-08-21T00:42:52.612Z,fairy,4
5ffe3f18adbaca4ddb7e4006,66bcb3acc2bf9a8a4fb322dd,2024-08-21T00:42:52.612Z,fix,5
5ffe3f18adbaca4ddb7e4006,66bcb3acc2bf9a8a4fb322dd,2024-08-21T00:42:52.612Z,fat,6
5ffe3f18adbaca4ddb7e4006,66bcb3acc2bf9a8a4fb322dd,2024-08-21T00:42:52.612Z,far,7
5ffe3f18adbaca4ddb7e4006,66bcb3acc2bf9a8a4fb322dd,2024-08-21T00:42:52.612Z,from,8
5ffe3f18adbaca4ddb7e4006,66bcb3acc2bf9a8a4fb322dd,2024-08-21T00:42:52.612Z,,9
5ffe3f18adbaca4ddb7e4006,66bcb3acc2bf9a8a4fb322dd,2024-08-21T00:42:52.612Z,fidget,10
5ffe3f18adbaca4ddb7e4006,66bcb3acc2bf9a8a4fb322dd,2024-08-21T00:42:52.612Z,family,11
60572e792b7a4cff55a2ad57,66bcb3acc2bf9a8a4fb322dd,2024-08-21T00:41:43.819Z,"Fish, Frog, Fillet, Faker, Font, Fantastic, Freak, Frolick, Feather, Feet, Flap, Fret",0
63b753401eb907a465852f01,66bcb3acc2bf9a8a4fb322dd,2024-08-21T00:44:01.211Z,Frank,0
63b753401eb907a465852f01,66bcb3acc2bf9a8a4fb322dd,2024-08-21T00:44:01.211Z,Fran,1
63b753401eb907a465852f01,66bcb3acc2bf9a8a4fb322dd,2024-08-21T00:44:01.211Z,Fog,2
63b753401eb907a465852f01,66bcb3acc2bf9a8a4fb322dd,2024-08-21T00:44:01.211Z,Frame,3
63b753401eb907a465852f01,66bcb3acc2bf9a8a4fb322dd,2024-08-21T00:44:01.211Z,Frog,4
63b753401eb907a465852f01,66bcb3acc2bf9a8a4fb322dd,2024-08-21T00:44:01.211Z,Feeble,5
63b753401eb907a465852f01,66bcb3acc2bf9a8a4fb322dd,2024-08-21T00:44:01.211Z,Feasible,6
63b753401eb907a465852f01,66bcb3acc2bf9a8a4fb322dd,2024-08-21T00:44:01.211Z,Forward,7
5832fa8996ecce0001d65197,66bcb3acc2bf9a8a4fb322dd,2024-08-21T00:43:57.693Z,fish,0
5832fa8996ecce0001d65197,66bcb3acc2bf9a8a4fb322dd,2024-08-21T00:43:57.693Z,fin,1
5832fa8996ecce0001d65197,66bcb3acc2bf9a8a4fb322dd,2024-08-21T00:43:57.693Z,find,2
5832fa8996ecce0001d65197,66bcb3acc2bf9a8a4fb322dd,2024-08-21T00:43:57.693Z,final,3
5832fa8996ecce0001d65197,66bcb3acc2bf9a8a4fb322dd,2024-08-21T00:43:57.693Z,freak,4
5832fa8996ecce0001d65197,66bcb3acc2bf9a8a4fb322dd,2024-08-21T00:43:57.693Z,fork,5
5832fa8996ecce0001d65197,66bcb3acc2bf9a8a4fb322dd,2024-08-21T00:43:57.693Z,fright,6
5832fa8996ecce0001d65197,66bcb3acc2bf9a8a4fb322dd,2024-08-21T00:43:57.693Z,finish,7
5832fa8996ecce0001d65197,66bcb3acc2bf9a8a4fb322dd,2024-08-21T00:43:57.693Z,fort,8
5832fa8996ecce0001d65197,66bcb3acc2bf9a8a4fb322dd,2024-08-21T00:43:57.693Z,far,9
5832fa8996ecce0001d65197,66bcb3acc2bf9a8a4fb322dd,2024-08-21T00:43:57.693Z,farm,10
5832fa8996ecce0001d65197,66bcb3acc2bf9a8a4fb322dd,2024-08-21T00:43:57.693Z,fear,11
5832fa8996ecce0001d65197,66bcb3acc2bf9a8a4fb322dd,2024-08-21T00:43:57.693Z,food,12
5832fa8996ecce0001d65197,66bcb3acc2bf9a8a4fb322dd,2024-08-21T00:43:57.693Z,fun,13
5832fa8996ecce0001d65197,66bcb3acc2bf9a8a4fb322dd,2024-08-21T00:43:57.693Z,fudge,14
5832fa8996ecce0001d65197,66bcb3acc2bf9a8a4fb322dd,2024-08-21T00:43:57.693Z,front,15
5832fa8996ecce0001d65197,66bcb3acc2bf9a8a4fb322dd,2024-08-21T00:43:57.693Z,file,16
5733464fbc6923000fcd2de1,66bcb3acc2bf9a8a4fb322dd,2024-08-21T00:44:17.924Z,frank,0
5733464fbc6923000fcd2de1,66bcb3acc2bf9a8a4fb322dd,2024-08-21T00:44:17.924Z,friendly,1
5733464fbc6923000fcd2de1,66bcb3acc2bf9a8a4fb322dd,2024-08-21T00:44:17.924Z,friend,2
5733464fbc6923000fcd2de1,66bcb3acc2bf9a8a4fb322dd,2024-08-21T00:44:17.924Z,fry,3
5733464fbc6923000fcd2de1,66bcb3acc2bf9a8a4fb322dd,2024-08-21T00:44:17.924Z,fried,4
5733464fbc6923000fcd2de1,66bcb3acc2bf9a8a4fb322dd,2024-08-21T00:44:17.924Z,french,5
5733464fbc6923000fcd2de1,66bcb3acc2bf9a8a4fb322dd,2024-08-21T00:44:17.924Z,freak,6
5733464fbc6923000fcd2de1,66bcb3acc2bf9a8a4fb322dd,2024-08-21T00:44:17.924Z,four,7
5733464fbc6923000fcd2de1,66bcb3acc2bf9a8a4fb322dd,2024-08-21T00:44:17.924Z,fourth,8
5733464fbc6923000fcd2de1,66bcb3acc2bf9a8a4fb322dd,2024-08-21T00:44:17.924Z,fourteen,9
5733464fbc6923000fcd2de1,66bcb3acc2bf9a8a4fb322dd,2024-08-21T00:44:17.924Z,fourty,10
5733464fbc6923000fcd2de1,66bcb3acc2bf9a8a4fb322dd,2024-08-21T00:44:17.924Z,forty,11
5733464fbc6923000fcd2de1,66bcb3acc2bf9a8a4fb322dd,2024-08-21T00:44:17.924Z,foal,12
5733464fbc6923000fcd2de1,66bcb3acc2bf9a8a4fb322dd,2024-08-21T00:44:17.924Z,folk,13
5733464fbc6923000fcd2de1,66bcb3acc2bf9a8a4fb322dd,2024-08-21T00:44:17.924Z,female,14
5733464fbc6923000fcd2de1,66bcb3acc2bf9a8a4fb322dd,2024-08-21T00:44:17.924Z,feminine,15
5733464fbc6923000fcd2de1,66bcb3acc2bf9a8a4fb322dd,2024-08-21T00:44:17.924Z,fall,16
5733464fbc6923000fcd2de1,66bcb3acc2bf9a8a4fb322dd,2024-08-21T00:44:17.924Z,fallow,17
5733464fbc6923000fcd2de1,66bcb3acc2bf9a8a4fb322dd,2024-08-21T00:44:17.924Z,fang,18
5733464fbc6923000fcd2de1,66bcb3acc2bf9a8a4fb322dd,2024-08-21T00:44:17.924Z,fade,19
5733464fbc6923000fcd2de1,66bcb3acc2bf9a8a4fb322dd,2024-08-21T00:44:17.924Z,faded,20
5733464fbc6923000fcd2de1,66bcb3acc2bf9a8a4fb322dd,2024-08-21T00:44:17.924Z,fare,21
5733464fbc6923000fcd2de1,66bcb3acc2bf9a8a4fb322dd,2024-08-21T00:44:17.924Z,flake,22
5733464fbc6923000fcd2de1,66bcb3acc2bf9a8a4fb322dd,2024-08-21T00:44:17.924Z,flaky,23
5e09461913064422d0004ecf,66bcb3acc2bf9a8a4fb322dd,2024-08-21T00:44:54.044Z,frog,0
5e09461913064422d0004ecf,66bcb3acc2bf9a8a4fb322dd,2024-08-21T00:44:54.044Z,fracking,1
5e09461913064422d0004ecf,66bcb3acc2bf9a8a4fb322dd,2024-08-21T00:44:54.044Z,full,2
5e09461913064422d0004ecf,66bcb3acc2bf9a8a4fb322dd,2024-08-21T00:44:54.044Z,foliage,3
5e09461913064422d0004ecf,66bcb3acc2bf9a8a4fb322dd,2024-08-21T00:44:54.044Z,,4
5e09461913064422d0004ecf,66bcb3acc2bf9a8a4fb322dd,2024-08-21T00:44:54.044Z,fall,5
5e09461913064422d0004ecf,66bcb3acc2bf9a8a4fb322dd,2024-08-21T00:44:54.044Z,fumble,6
5e09461913064422d0004ecf,66bcb3acc2bf9a8a4fb322dd,2024-08-21T00:44:54.044Z,feline,7
5e09461913064422d0004ecf,66bcb3acc2bf9a8a4fb322dd,2024-08-21T00:44:54.044Z,flex,8
5e09461913064422d0004ecf,66bcb3acc2bf9a8a4fb322dd,2024-08-21T00:44:54.044Z,flush,9
5e09461913064422d0004ecf,66bcb3acc2bf9a8a4fb322dd,2024-08-21T00:44:54.044Z,flame,10
5e09461913064422d0004ecf,66bcb3acc2bf9a8a4fb322dd,2024-08-21T00:44:54.044Z,flushing,11
5e09461913064422d0004ecf,66bcb3acc2bf9a8a4fb322dd,2024-08-21T00:44:54.044Z,flaming,12
5e09461913064422d0004ecf,66bcb3acc2bf9a8a4fb322dd,2024-08-21T00:44:54.044Z,falling,13
5e09461913064422d0004ecf,66bcb3acc2bf9a8a4fb322dd,2024-08-21T00:44:54.044Z,fetal,14
5e09461913064422d0004ecf,66bcb3acc2bf9a8a4fb322dd,2024-08-21T00:44:54.044Z,front,15
5e09461913064422d0004ecf,66bcb3acc2bf9a8a4fb322dd,2024-08-21T00:44:54.044Z,frock,16
5e09461913064422d0004ecf,66bcb3acc2bf9a8a4fb322dd,2024-08-21T00:44:54.044Z,flew,17
5e09461913064422d0004ecf,66bcb3acc2bf9a8a4fb322dd,2024-08-21T00:44:54.044Z,flute,18
664cf32f550b719c453c77b3,66bcb3acc2bf9a8a4fb322dd,2024-08-21T00:42:03.908Z,fruit,0
664cf32f550b719c453c77b3,66bcb3acc2bf9a8a4fb322dd,2024-08-21T00:42:03.908Z,fork,1
664cf32f550b719c453c77b3,66bcb3acc2bf9a8a4fb322dd,2024-08-21T00:42:03.908Z,flower,2
664cf32f550b719c453c77b3,66bcb3acc2bf9a8a4fb322dd,2024-08-21T00:42:03.908Z,frantic,3
664cf32f550b719c453c77b3,66bcb3acc2bf9a8a4fb322dd,2024-08-21T00:42:03.908Z,fashion,4
664cf32f550b719c453c77b3,66bcb3acc2bf9a8a4fb322dd,2024-08-21T00:42:03.908Z,fable,5
664cf32f550b719c453c77b3,66bcb3acc2bf9a8a4fb322dd,2024-08-21T00:42:03.908Z,flour,6
664cf32f550b719c453c77b3,66bcb3acc2bf9a8a4fb322dd,2024-08-21T00:42:03.908Z,form,7
664cf32f550b719c453c77b3,66bcb3acc2bf9a8a4fb322dd,2024-08-21T00:42:03.908Z,foreign,8
664cf32f550b719c453c77b3,66bcb3acc2bf9a8a4fb322dd,2024-08-21T00:42:03.908Z,fantasy,9
664cf32f550b719c453c77b3,66bcb3acc2bf9a8a4fb322dd,2024-08-21T00:42:03.908Z,feeling,10
664cf32f550b719c453c77b3,66bcb3acc2bf9a8a4fb322dd,2024-08-21T00:42:03.908Z,fever,11
664cf32f550b719c453c77b3,66bcb3acc2bf9a8a4fb322dd,2024-08-21T00:42:03.908Z,fairy,12
664cf32f550b719c453c77b3,66bcb3acc2bf9a8a4fb322dd,2024-08-21T00:42:03.908Z,famous,13
667ebc629093f022db34278f,66bcb3acc2bf9a8a4fb322dd,2024-08-21T00:43:09.835Z,fire,0
667ebc629093f022db34278f,66bcb3acc2bf9a8a4fb322dd,2024-08-21T00:43:09.835Z,feelings,1
667ebc629093f022db34278f,66bcb3acc2bf9a8a4fb322dd,2024-08-21T00:43:09.835Z,fertile,2
667ebc629093f022db34278f,66bcb3acc2bf9a8a4fb322dd,2024-08-21T00:43:09.835Z,folks,3
667ebc629093f022db34278f,66bcb3acc2bf9a8a4fb322dd,2024-08-21T00:43:09.835Z,folklore,4
667ebc629093f022db34278f,66bcb3acc2bf9a8a4fb322dd,2024-08-21T00:43:09.835Z,fairies,5
667ebc629093f022db34278f,66bcb3acc2bf9a8a4fb322dd,2024-08-21T00:43:09.835Z,fireman,6
667ebc629093f022db34278f,66bcb3acc2bf9a8a4fb322dd,2024-08-21T00:43:09.835Z,flamethrower,7
667ebc629093f022db34278f,66bcb3acc2bf9a8a4fb322dd,2024-08-21T00:43:09.835Z,fart,9
667ebc629093f022db34278f,66bcb3acc2bf9a8a4fb322dd,2024-08-21T00:43:09.835Z,flatulence,10
667ebc629093f022db34278f,66bcb3acc2bf9a8a4fb322dd,2024-08-21T00:43:09.835Z,flick,11
667ebc629093f022db34278f,66bcb3acc2bf9a8a4fb322dd,2024-08-21T00:43:09.835Z,flight,13
667ebc629093f022db34278f,66bcb3acc2bf9a8a4fb322dd,2024-08-21T00:43:09.835Z,float,14
667ebc629093f022db34278f,66bcb3acc2bf9a8a4fb322dd,2024-08-21T00:43:09.835Z,fleet,15
667ebc629093f022db34278f,66bcb3acc2bf9a8a4fb322dd,2024-08-21T00:43:09.835Z,fair,17
667ebc629093f022db34278f,66bcb3acc2bf9a8a4fb322dd,2024-08-21T00:43:09.835Z,fake,18
667ebc629093f022db34278f,66bcb3acc2bf9a8a4fb322dd,2024-08-21T00:43:09.835Z,fancy,19
667ebc629093f022db34278f,66bcb3acc2bf9a8a4fb322dd,2024-08-21T00:43:09.835Z,farmer,20
667ebc629093f022db34278f,66bcb3acc2bf9a8a4fb322dd,2024-08-21T00:43:09.835Z,flint,21
667ebc629093f022db34278f,66bcb3acc2bf9a8a4fb322dd,2024-08-21T00:43:09.835Z,fireplace,22
667ebc629093f022db34278f,66bcb3acc2bf9a8a4fb322dd,2024-08-21T00:43:09.835Z,fish,23
63d8966cb1c8fda2f6006864,66bcb3acc2bf9a8a4fb322dd,2024-08-21T00:42:22.102Z,Flop,0
63d8966cb1c8fda2f6006864,66bcb3acc2bf9a8a4fb322dd,2024-08-21T00:42:22.102Z,Fit,1
63d8966cb1c8fda2f6006864,66bcb3acc2bf9a8a4fb322dd,2024-08-21T00:42:22.102Z,Fight,2
63d8966cb1c8fda2f6006864,66bcb3acc2bf9a8a4fb322dd,2024-08-21T00:42:22.102Z,Fall,3
63d8966cb1c8fda2f6006864,66bcb3acc2bf9a8a4fb322dd,2024-08-21T00:42:22.102Z,Fence,4
63d8966cb1c8fda2f6006864,66bcb3acc2bf9a8a4fb322dd,2024-08-21T00:42:22.102Z,Fool,5
63d8966cb1c8fda2f6006864,66bcb3acc2bf9a8a4fb322dd,2024-08-21T00:42:22.102Z,Felled,6
63d8966cb1c8fda2f6006864,66bcb3acc2bf9a8a4fb322dd,2024-08-21T00:42:22.102Z,Fed,7
63d8966cb1c8fda2f6006864,66bcb3acc2bf9a8a4fb322dd,2024-08-21T00:42:22.102Z,Forde,8
63d8966cb1c8fda2f6006864,66bcb3acc2bf9a8a4fb322dd,2024-08-21T00:42:22.102Z,Fast,9
63d8966cb1c8fda2f6006864,66bcb3acc2bf9a8a4fb322dd,2024-08-21T00:42:22.102Z,few,10
64077ddd11208afe2bec171a,66bcb3acc2bf9a8a4fb322dd,2024-08-21T00:45:04.602Z,fruit,0
64077ddd11208afe2bec171a,66bcb3acc2bf9a8a4fb322dd,2024-08-21T00:45:04.602Z,feel,1
64077ddd11208afe2bec171a,66bcb3acc2bf9a8a4fb322dd,2024-08-21T00:45:04.602Z,feet,2
64077ddd11208afe2bec171a,66bcb3acc2bf9a8a4fb322dd,2024-08-21T00:45:04.602Z,fear,3
64077ddd11208afe2bec171a,66bcb3acc2bf9a8a4fb322dd,2024-08-21T00:45:04.602Z,fun,4
64077ddd11208afe2bec171a,66bcb3acc2bf9a8a4fb322dd,2024-08-21T00:45:04.602Z,fall,5
64077ddd11208afe2bec171a,66bcb3acc2bf9a8a4fb322dd,2024-08-21T00:45:04.602Z,fish,6
64077ddd11208afe2bec171a,66bcb3acc2bf9a8a4fb322dd,2024-08-21T00:45:04.602Z,for,7
64077ddd11208afe2bec171a,66bcb3acc2bf9a8a4fb322dd,2024-08-21T00:45:04.602Z,full,8
64077ddd11208afe2bec171a,66bcb3acc2bf9a8a4fb322dd,2024-08-21T00:45:04.602Z,fit,9
64077ddd11208afe2bec171a,66bcb3acc2bf9a8a4fb322dd,2024-08-21T00:45:04.602Z,fine,10
64077ddd11208afe2bec171a,66bcb3acc2bf9a8a4fb322dd,2024-08-21T00:45:04.602Z,fire,11
64077ddd11208afe2bec171a,66bcb3acc2bf9a8a4fb322dd,2024-08-21T00:45:04.602Z,fake,12
64077ddd11208afe2bec171a,66bcb3acc2bf9a8a4fb322dd,2024-08-21T00:45:04.602Z,fan,13
64077ddd11208afe2bec171a,66bcb3acc2bf9a8a4fb322dd,2024-08-21T00:45:04.602Z,fat,14
5f6cdde7a8d71310b06e402a,66bcb3acc2bf9a8a4fb322dd,2024-08-21T00:45:03.639Z,finger,0
5f6cdde7a8d71310b06e402a,66bcb3acc2bf9a8a4fb322dd,2024-08-21T00:45:03.639Z,feel,1
5f6cdde7a8d71310b06e402a,66bcb3acc2bf9a8a4fb322dd,2024-08-21T00:45:03.639Z,fuck,2
5f6cdde7a8d71310b06e402a,66bcb3acc2bf9a8a4fb322dd,2024-08-21T00:45:03.639Z,free,3
5f6cdde7a8d71310b06e402a,66bcb3acc2bf9a8a4fb322dd,2024-08-21T00:45:03.639Z,feelings,4
5f6cdde7a8d71310b06e402a,66bcb3acc2bf9a8a4fb322dd,2024-08-21T00:45:03.639Z,fine,5
5f6cdde7a8d71310b06e402a,66bcb3acc2bf9a8a4fb322dd,2024-08-21T00:45:03.639Z,frumpy,6
5f6cdde7a8d71310b06e402a,66bcb3acc2bf9a8a4fb322dd,2024-08-21T00:45:03.639Z,fight,7
5f6cdde7a8d71310b06e402a,66bcb3acc2bf9a8a4fb322dd,2024-08-21T00:45:03.639Z,figures,8
5f6cdde7a8d71310b06e402a,66bcb3acc2bf9a8a4fb322dd,2024-08-21T00:45:03.639Z,finnesse,9
5f6cdde7a8d71310b06e402a,66bcb3acc2bf9a8a4fb322dd,2024-08-21T00:45:03.639Z,folly,10
5f6cdde7a8d71310b06e402a,66bcb3acc2bf9a8a4fb322dd,2024-08-21T00:45:03.639Z,flick,11
5f6cdde7a8d71310b06e402a,66bcb3acc2bf9a8a4fb322dd,2024-08-21T00:45:03.639Z,feed,12
5f6cdde7a8d71310b06e402a,66bcb3acc2bf9a8a4fb322dd,2024-08-21T00:45:03.639Z,fox,13
5f6cdde7a8d71310b06e402a,66bcb3acc2bf9a8a4fb322dd,2024-08-21T00:45:03.639Z,fort,14
6674d66fb9e8304fd5bf10d1,66bcb3acc2bf9a8a4fb322dd,2024-08-21T00:44:19.673Z,Fun,0
6674d66fb9e8304fd5bf10d1,66bcb3acc2bf9a8a4fb322dd,2024-08-21T00:44:19.673Z,food,1
6674d66fb9e8304fd5bf10d1,66bcb3acc2bf9a8a4fb322dd,2024-08-21T00:44:19.673Z,feel,2
6674d66fb9e8304fd5bf10d1,66bcb3acc2bf9a8a4fb322dd,2024-08-21T00:44:19.673Z,first,3
6674d66fb9e8304fd5bf10d1,66bcb3acc2bf9a8a4fb322dd,2024-08-21T00:44:19.673Z,focus,4
6674d66fb9e8304fd5bf10d1,66bcb3acc2bf9a8a4fb322dd,2024-08-21T00:44:19.673Z,fundamental,5
6674d66fb9e8304fd5bf10d1,66bcb3acc2bf9a8a4fb322dd,2024-08-21T00:44:19.673Z,finger,6
6674d66fb9e8304fd5bf10d1,66bcb3acc2bf9a8a4fb322dd,2024-08-21T00:44:19.673Z,foyer,7
6674d66fb9e8304fd5bf10d1,66bcb3acc2bf9a8a4fb322dd,2024-08-21T00:44:19.673Z,for,8
6674d66fb9e8304fd5bf10d1,66bcb3acc2bf9a8a4fb322dd,2024-08-21T00:44:19.673Z,field,9
6674d66fb9e8304fd5bf10d1,66bcb3acc2bf9a8a4fb322dd,2024-08-21T00:44:19.673Z,fierce,10
6674d66fb9e8304fd5bf10d1,66bcb3acc2bf9a8a4fb322dd,2024-08-21T00:44:19.673Z,friend,11
6674d66fb9e8304fd5bf10d1,66bcb3acc2bf9a8a4fb322dd,2024-08-21T00:44:19.673Z,feed,12
6674d66fb9e8304fd5bf10d1,66bcb3acc2bf9a8a4fb322dd,2024-08-21T00:44:19.673Z,fork,13
669a925bcac8fb05951d614b,66bcb3acc2bf9a8a4fb322dd,2024-08-21T00:41:36.051Z,fake,0
669a925bcac8fb05951d614b,66bcb3acc2bf9a8a4fb322dd,2024-08-21T00:41:36.051Z,fart,1
669a925bcac8fb05951d614b,66bcb3acc2bf9a8a4fb322dd,2024-08-21T00:41:36.051Z,frost,2
669a925bcac8fb05951d614b,66bcb3acc2bf9a8a4fb322dd,2024-08-21T00:41:36.051Z,frank,3
669a925bcac8fb05951d614b,66bcb3acc2bf9a8a4fb322dd,2024-08-21T00:41:36.051Z,foil,4
669a925bcac8fb05951d614b,66bcb3acc2bf9a8a4fb322dd,2024-08-21T00:41:36.051Z,fat,5
669a925bcac8fb05951d614b,66bcb3acc2bf9a8a4fb322dd,2024-08-21T00:41:36.051Z,fit,6
669a925bcac8fb05951d614b,66bcb3acc2bf9a8a4fb322dd,2024-08-21T00:41:36.051Z,fruit,7
669a925bcac8fb05951d614b,66bcb3acc2bf9a8a4fb322dd,2024-08-21T00:41:36.051Z,feet,8
669a925bcac8fb05951d614b,66bcb3acc2bf9a8a4fb322dd,2024-08-21T00:41:36.051Z,foot,9
669a925bcac8fb05951d614b,66bcb3acc2bf9a8a4fb322dd,2024-08-21T00:41:36.051Z,feet,10
669a925bcac8fb05951d614b,66bcb3acc2bf9a8a4fb322dd,2024-08-21T00:41:36.051Z,fast,11
669a925bcac8fb05951d614b,66bcb3acc2bf9a8a4fb322dd,2024-08-21T00:41:36.051Z,first,12
6632d9ca7b5616ef7c758cd2,66bcb3acc2bf9a8a4fb322dd,2024-08-21T00:43:52.181Z,fish,0
6632d9ca7b5616ef7c758cd2,66bcb3acc2bf9a8a4fb322dd,2024-08-21T00:43:52.181Z,fake,1
6632d9ca7b5616ef7c758cd2,66bcb3acc2bf9a8a4fb322dd,2024-08-21T00:43:52.181Z,find,2
6632d9ca7b5616ef7c758cd2,66bcb3acc2bf9a8a4fb322dd,2024-08-21T00:43:52.181Z,fine,3
6632d9ca7b5616ef7c758cd2,66bcb3acc2bf9a8a4fb322dd,2024-08-21T00:43:52.181Z,finish,4
6632d9ca7b5616ef7c758cd2,66bcb3acc2bf9a8a4fb322dd,2024-08-21T00:43:52.181Z,fur,5
6632d9ca7b5616ef7c758cd2,66bcb3acc2bf9a8a4fb322dd,2024-08-21T00:43:52.181Z,fuck,6
6632d9ca7b5616ef7c758cd2,66bcb3acc2bf9a8a4fb322dd,2024-08-21T00:43:52.181Z,first,7
6632d9ca7b5616ef7c758cd2,66bcb3acc2bf9a8a4fb322dd,2024-08-21T00:43:52.181Z,food,8
6609a35ed745fef53c0c1034,66bcb3acc2bf9a8a4fb322dd,2024-08-21T00:42:26.427Z,Fly,0
6609a35ed745fef53c0c1034,66bcb3acc2bf9a8a4fb322dd,2024-08-21T00:42:26.427Z,fry,1
6609a35ed745fef53c0c1034,66bcb3acc2bf9a8a4fb322dd,2024-08-21T00:42:26.427Z,fight,2
6609a35ed745fef53c0c1034,66bcb3acc2bf9a8a4fb322dd,2024-08-21T00:42:26.427Z,fond,3
6609a35ed745fef53c0c1034,66bcb3acc2bf9a8a4fb322dd,2024-08-21T00:42:26.427Z,fuel,4
6609a35ed745fef53c0c1034,66bcb3acc2bf9a8a4fb322dd,2024-08-21T00:42:26.427Z,fun,5
6609a35ed745fef53c0c1034,66bcb3acc2bf9a8a4fb322dd,2024-08-21T00:42:26.427Z,feel,6
6609a35ed745fef53c0c1034,66bcb3acc2bf9a8a4fb322dd,2024-08-21T00:42:26.427Z,fan,7
6609a35ed745fef53c0c1034,66bcb3acc2bf9a8a4fb322dd,2024-08-21T00:42:26.427Z,flour,8
6609a35ed745fef53c0c1034,66bcb3acc2bf9a8a4fb322dd,2024-08-21T00:42:26.427Z,fart,9
6609a35ed745fef53c0c1034,66bcb3acc2bf9a8a4fb322dd,2024-08-21T00:42:26.427Z,free,10
6609a35ed745fef53c0c1034,66bcb3acc2bf9a8a4fb322dd,2024-08-21T00:42:26.427Z,frought,11
6609a35ed745fef53c0c1034,66bcb3acc2bf9a8a4fb322dd,2024-08-21T00:42:26.427Z,frail,12
581fce42429ef50001ac4fc1,66bcb3acc2bf9a8a4fb322dd,2024-08-21T00:42:45.642Z,fun,0
581fce42429ef50001ac4fc1,66bcb3acc2bf9a8a4fb322dd,2024-08-21T00:42:45.642Z,fuck,1
581fce42429ef50001ac4fc1,66bcb3acc2bf9a8a4fb322dd,2024-08-21T00:42:45.642Z,figure,2
581fce42429ef50001ac4fc1,66bcb3acc2bf9a8a4fb322dd,2024-08-21T00:42:45.642Z,fight,3
581fce42429ef50001ac4fc1,66bcb3acc2bf9a8a4fb322dd,2024-08-21T00:42:45.642Z,free,4
581fce42429ef50001ac4fc1,66bcb3acc2bf9a8a4fb322dd,2024-08-21T00:42:45.642Z,frown,5
581fce42429ef50001ac4fc1,66bcb3acc2bf9a8a4fb322dd,2024-08-21T00:42:45.642Z,fig,6
5c00043a6d931200019bcb9b,66bcb3acc2bf9a8a4fb322dd,2024-08-21T00:45:02.676Z,flute,0
5c00043a6d931200019bcb9b,66bcb3acc2bf9a8a4fb322dd,2024-08-21T00:45:02.676Z,floor,1
5c00043a6d931200019bcb9b,66bcb3acc2bf9a8a4fb322dd,2024-08-21T00:45:02.676Z,flower,2
5c00043a6d931200019bcb9b,66bcb3acc2bf9a8a4fb322dd,2024-08-21T00:45:02.676Z,fish,3
5c00043a6d931200019bcb9b,66bcb3acc2bf9a8a4fb322dd,2024-08-21T00:45:02.676Z,fragrance,4
5ed42960727ce23e4d2802b6,66bcb3acc2bf9a8a4fb322dd,2024-08-21T00:45:47.640Z,fruit,0
5ed42960727ce23e4d2802b6,66bcb3acc2bf9a8a4fb322dd,2024-08-21T00:45:47.640Z,feel,1
5ed42960727ce23e4d2802b6,66bcb3acc2bf9a8a4fb322dd,2024-08-21T00:45:47.640Z,felt,2
5ed42960727ce23e4d2802b6,66bcb3acc2bf9a8a4fb322dd,2024-08-21T00:45:47.640Z,finger,3
5ed42960727ce23e4d2802b6,66bcb3acc2bf9a8a4fb322dd,2024-08-21T00:45:47.640Z,fault,4
5ed42960727ce23e4d2802b6,66bcb3acc2bf9a8a4fb322dd,2024-08-21T00:45:47.640Z,force,5
5ed42960727ce23e4d2802b6,66bcb3acc2bf9a8a4fb322dd,2024-08-21T00:45:47.640Z,fire,6
5ed42960727ce23e4d2802b6,66bcb3acc2bf9a8a4fb322dd,2024-08-21T00:45:47.640Z,fireside,7
5ed42960727ce23e4d2802b6,66bcb3acc2bf9a8a4fb322dd,2024-08-21T00:45:47.640Z,fortification,8
5ed42960727ce23e4d2802b6,66bcb3acc2bf9a8a4fb322dd,2024-08-21T00:45:47.640Z,felicity,9
5ed42960727ce23e4d2802b6,66bcb3acc2bf9a8a4fb322dd,2024-08-21T00:45:47.640Z,feeler,10
5ed42960727ce23e4d2802b6,66bcb3acc2bf9a8a4fb322dd,2024-08-21T00:45:47.640Z,fart,11
5ed42960727ce23e4d2802b6,66bcb3acc2bf9a8a4fb322dd,2024-08-21T00:45:47.640Z,fructose,12
5ed42960727ce23e4d2802b6,66bcb3acc2bf9a8a4fb322dd,2024-08-21T00:45:47.640Z,filter,13
5ed42960727ce23e4d2802b6,66bcb3acc2bf9a8a4fb322dd,2024-08-21T00:45:47.640Z,fang,14
5ed42960727ce23e4d2802b6,66bcb3acc2bf9a8a4fb322dd,2024-08-21T00:45:47.640Z,fangs,15
5ed42960727ce23e4d2802b6,66bcb3acc2bf9a8a4fb322dd,2024-08-21T00:45:47.640Z,feels,17
5ed42960727ce23e4d2802b6,66bcb3acc2bf9a8a4fb322dd,2024-08-21T00:45:47.640Z,feelers,18
5ed42960727ce23e4d2802b6,66bcb3acc2bf9a8a4fb322dd,2024-08-21T00:45:47.640Z,farts,19
5ed42960727ce23e4d2802b6,66bcb3acc2bf9a8a4fb322dd,2024-08-21T00:45:47.640Z,faults,20
5ed42960727ce23e4d2802b6,66bcb3acc2bf9a8a4fb322dd,2024-08-21T00:45:47.640Z,forces,21
5ed42960727ce23e4d2802b6,66bcb3acc2bf9a8a4fb322dd,2024-08-21T00:45:47.640Z,firesides,22
5ecbdb76e72f9577c2ad60d6,66bcb3acc2bf9a8a4fb322dd,2024-08-21T00:46:21.067Z,fluent,0
5ecbdb76e72f9577c2ad60d6,66bcb3acc2bf9a8a4fb322dd,2024-08-21T00:46:21.067Z,flop,1
5ecbdb76e72f9577c2ad60d6,66bcb3acc2bf9a8a4fb322dd,2024-08-21T00:46:21.067Z,flip,2
5ecbdb76e72f9577c2ad60d6,66bcb3acc2bf9a8a4fb322dd,2024-08-21T00:46:21.067Z,flit,3
5ecbdb76e72f9577c2ad60d6,66bcb3acc2bf9a8a4fb322dd,2024-08-21T00:46:21.067Z,fit,4
5ecbdb76e72f9577c2ad60d6,66bcb3acc2bf9a8a4fb322dd,2024-08-21T00:46:21.067Z,fat,5
5ecbdb76e72f9577c2ad60d6,66bcb3acc2bf9a8a4fb322dd,2024-08-21T00:46:21.067Z,fan,6
5ecbdb76e72f9577c2ad60d6,66bcb3acc2bf9a8a4fb322dd,2024-08-21T00:46:21.067Z,fans,7
5ecbdb76e72f9577c2ad60d6,66bcb3acc2bf9a8a4fb322dd,2024-08-21T00:46:21.067Z,flips,8
5ecbdb76e72f9577c2ad60d6,66bcb3acc2bf9a8a4fb322dd,2024-08-21T00:46:21.067Z,flipped,9
5ecbdb76e72f9577c2ad60d6,66bcb3acc2bf9a8a4fb322dd,2024-08-21T00:46:21.067Z,flap,10
5ecbdb76e72f9577c2ad60d6,66bcb3acc2bf9a8a4fb322dd,2024-08-21T00:46:21.067Z,flaps,11
5ecbdb76e72f9577c2ad60d6,66bcb3acc2bf9a8a4fb322dd,2024-08-21T00:46:21.067Z,flapped,12
5ecbdb76e72f9577c2ad60d6,66bcb3acc2bf9a8a4fb322dd,2024-08-21T00:46:21.067Z,filament,13
5ecbdb76e72f9577c2ad60d6,66bcb3acc2bf9a8a4fb322dd,2024-08-21T00:46:21.067Z,fill,14
5ecbdb76e72f9577c2ad60d6,66bcb3acc2bf9a8a4fb322dd,2024-08-21T00:46:21.067Z,fills,15
5ecbdb76e72f9577c2ad60d6,66bcb3acc2bf9a8a4fb322dd,2024-08-21T00:46:21.067Z,filled,16
5ecbdb76e72f9577c2ad60d6,66bcb3acc2bf9a8a4fb322dd,2024-08-21T00:46:21.067Z,fillet,17
5ecbdb76e72f9577c2ad60d6,66bcb3acc2bf9a8a4fb322dd,2024-08-21T00:46:21.067Z,filleted,18
5ecbdb76e72f9577c2ad60d6,66bcb3acc2bf9a8a4fb322dd,2024-08-21T00:46:21.067Z,fillets,19
5ecbdb76e72f9577c2ad60d6,66bcb3acc2bf9a8a4fb322dd,2024-08-21T00:46:21.067Z,fish,20
5ecbdb76e72f9577c2ad60d6,66bcb3acc2bf9a8a4fb322dd,2024-08-21T00:46:21.067Z,fast,21
6115e6f3c50b7ffddb83a235,66bcb3acc2bf9a8a4fb322dd,2024-08-21T00:46:41.211Z,fire,0
6115e6f3c50b7ffddb83a235,66bcb3acc2bf9a8a4fb322dd,2024-08-21T00:46:41.211Z,friend,1
6115e6f3c50b7ffddb83a235,66bcb3acc2bf9a8a4fb322dd,2024-08-21T00:46:41.211Z,feline,2
6115e6f3c50b7ffddb83a235,66bcb3acc2bf9a8a4fb322dd,2024-08-21T00:46:41.211Z,fur,3
6115e6f3c50b7ffddb83a235,66bcb3acc2bf9a8a4fb322dd,2024-08-21T00:46:41.211Z,freak,4
6115e6f3c50b7ffddb83a235,66bcb3acc2bf9a8a4fb322dd,2024-08-21T00:46:41.211Z,frond,5
6115e6f3c50b7ffddb83a235,66bcb3acc2bf9a8a4fb322dd,2024-08-21T00:46:41.211Z,fern,6
6115e6f3c50b7ffddb83a235,66bcb3acc2bf9a8a4fb322dd,2024-08-21T00:46:41.211Z,fungus,7
6115e6f3c50b7ffddb83a235,66bcb3acc2bf9a8a4fb322dd,2024-08-21T00:46:41.211Z,flax,8
6115e6f3c50b7ffddb83a235,66bcb3acc2bf9a8a4fb322dd,2024-08-21T00:46:41.211Z,flat,9
6115e6f3c50b7ffddb83a235,66bcb3acc2bf9a8a4fb322dd,2024-08-21T00:46:41.211Z,flipper,10
6115e6f3c50b7ffddb83a235,66bcb3acc2bf9a8a4fb322dd,2024-08-21T00:46:41.211Z,frail,11
6115e6f3c50b7ffddb83a235,66bcb3acc2bf9a8a4fb322dd,2024-08-21T00:46:41.211Z,flail,12
6115e6f3c50b7ffddb83a235,66bcb3acc2bf9a8a4fb322dd,2024-08-21T00:46:41.211Z,for,13
66b5994895654acfd1dcbebf,66bcb3acc2bf9a8a4fb322dd,2024-08-21T00:44:10.022Z,Find,1
66b5994895654acfd1dcbebf,66bcb3acc2bf9a8a4fb322dd,2024-08-21T00:44:10.022Z,Found,2
66b5994895654acfd1dcbebf,66bcb3acc2bf9a8a4fb322dd,2024-08-21T00:44:10.022Z,Figet,3
66b5994895654acfd1dcbebf,66bcb3acc2bf9a8a4fb322dd,2024-08-21T00:44:10.022Z,Flame,4
66b5994895654acfd1dcbebf,66bcb3acc2bf9a8a4fb322dd,2024-08-21T00:44:10.022Z,Fake,5
66b5994895654acfd1dcbebf,66bcb3acc2bf9a8a4fb322dd,2024-08-21T00:44:10.022Z,Fast,6
66b5994895654acfd1dcbebf,66bcb3acc2bf9a8a4fb322dd,2024-08-21T00:44:10.022Z,Facet,7
66b5994895654acfd1dcbebf,66bcb3acc2bf9a8a4fb322dd,2024-08-21T00:44:10.022Z,Fish,8
66b5994895654acfd1dcbebf,66bcb3acc2bf9a8a4fb322dd,2024-08-21T00:44:10.022Z,Flammable,9
66b5994895654acfd1dcbebf,66bcb3acc2bf9a8a4fb322dd,2024-08-21T00:44:10.022Z,Find,10
663cfbadf4198acc133f986c,66bcb3acc2bf9a8a4fb322dd,2024-08-21T00:45:50.725Z,food,0
663cfbadf4198acc133f986c,66bcb3acc2bf9a8a4fb322dd,2024-08-21T00:45:50.725Z,friend,1
663cfbadf4198acc133f986c,66bcb3acc2bf9a8a4fb322dd,2024-08-21T00:45:50.725Z,false,2
663cfbadf4198acc133f986c,66bcb3acc2bf9a8a4fb322dd,2024-08-21T00:45:50.725Z,fake,3
663cfbadf4198acc133f986c,66bcb3acc2bf9a8a4fb322dd,2024-08-21T00:45:50.725Z,frown,4
663cfbadf4198acc133f986c,66bcb3acc2bf9a8a4fb322dd,2024-08-21T00:45:50.725Z,finnicky,5
663cfbadf4198acc133f986c,66bcb3acc2bf9a8a4fb322dd,2024-08-21T00:45:50.725Z,face,6
663cfbadf4198acc133f986c,66bcb3acc2bf9a8a4fb322dd,2024-08-21T00:45:50.725Z,fool,7
663cfbadf4198acc133f986c,66bcb3acc2bf9a8a4fb322dd,2024-08-21T00:45:50.725Z,found,8
663cfbadf4198acc133f986c,66bcb3acc2bf9a8a4fb322dd,2024-08-21T00:45:50.725Z,fits,9
663cfbadf4198acc133f986c,66bcb3acc2bf9a8a4fb322dd,2024-08-21T00:45:50.725Z,fester,10
663cfbadf4198acc133f986c,66bcb3acc2bf9a8a4fb322dd,2024-08-21T00:45:50.725Z,foot,11
663cfbadf4198acc133f986c,66bcb3acc2bf9a8a4fb322dd,2024-08-21T00:45:50.725Z,father,12
663cfbadf4198acc133f986c,66bcb3acc2bf9a8a4fb322dd,2024-08-21T00:45:50.725Z,frank,13
663cfbadf4198acc133f986c,66bcb3acc2bf9a8a4fb322dd,2024-08-21T00:45:50.725Z,fell,14
663cfbadf4198acc133f986c,66bcb3acc2bf9a8a4fb322dd,2024-08-21T00:45:50.725Z,fall,15
663cfbadf4198acc133f986c,66bcb3acc2bf9a8a4fb322dd,2024-08-21T00:45:50.725Z,folly,16
663cfbadf4198acc133f986c,66bcb3acc2bf9a8a4fb322dd,2024-08-21T00:45:50.725Z,feather,17
663cfbadf4198acc133f986c,66bcb3acc2bf9a8a4fb322dd,2024-08-21T00:45:50.725Z,football,18
663cfbadf4198acc133f986c,66bcb3acc2bf9a8a4fb322dd,2024-08-21T00:45:50.725Z,finch,19
663cfbadf4198acc133f986c,66bcb3acc2bf9a8a4fb322dd,2024-08-21T00:45:50.725Z,fraud,20
663cfbadf4198acc133f986c,66bcb3acc2bf9a8a4fb322dd,2024-08-21T00:45:50.725Z,fast,21
663cfbadf4198acc133f986c,66bcb3acc2bf9a8a4fb322dd,2024-08-21T00:45:50.725Z,face,22
663cfbadf4198acc133f986c,66bcb3acc2bf9a8a4fb322dd,2024-08-21T00:45:50.725Z,favor,23
663cfbadf4198acc133f986c,66bcb3acc2bf9a8a4fb322dd,2024-08-21T00:45:50.725Z,flaw,24
66315c9e47e364728e8a838c,66bcb3acc2bf9a8a4fb322dd,2024-08-21T00:47:18.098Z,Funny,0
66315c9e47e364728e8a838c,66bcb3acc2bf9a8a4fb322dd,2024-08-21T00:47:18.098Z,Fan,1
66315c9e47e364728e8a838c,66bcb3acc2bf9a8a4fb322dd,2024-08-21T00:47:18.098Z,Fun,2
66315c9e47e364728e8a838c,66bcb3acc2bf9a8a4fb322dd,2024-08-21T00:47:18.098Z,Finger,3
66315c9e47e364728e8a838c,66bcb3acc2bf9a8a4fb322dd,2024-08-21T00:47:18.098Z,Friend,4
66315c9e47e364728e8a838c,66bcb3acc2bf9a8a4fb322dd,2024-08-21T00:47:18.098Z,Friendly,5
66315c9e47e364728e8a838c,66bcb3acc2bf9a8a4fb322dd,2024-08-21T00:47:18.098Z,Father,6
66315c9e47e364728e8a838c,66bcb3acc2bf9a8a4fb322dd,2024-08-21T00:47:18.098Z,Feather,7
66315c9e47e364728e8a838c,66bcb3acc2bf9a8a4fb322dd,2024-08-21T00:47:18.098Z,Flow,8
66315c9e47e364728e8a838c,66bcb3acc2bf9a8a4fb322dd,2024-08-21T00:47:18.098Z,Fendi,9
66315c9e47e364728e8a838c,66bcb3acc2bf9a8a4fb322dd,2024-08-21T00:47:18.098Z,Flat,10
66315c9e47e364728e8a838c,66bcb3acc2bf9a8a4fb322dd,2024-08-21T00:47:18.098Z,Forward,11
66315c9e47e364728e8a838c,66bcb3acc2bf9a8a4fb322dd,2024-08-21T00:47:18.098Z,Face,12
66315c9e47e364728e8a838c,66bcb3acc2bf9a8a4fb322dd,2024-08-21T00:47:18.098Z,Fling,13
66315c9e47e364728e8a838c,66bcb3acc2bf9a8a4fb322dd,2024-08-21T00:47:18.098Z,Flan,14
66315c9e47e364728e8a838c,66bcb3acc2bf9a8a4fb322dd,2024-08-21T00:47:18.098Z,Form,15
5ace82e135eccf0001a11c96,66bcb3acc2bf9a8a4fb322dd,2024-08-21T00:45:02.128Z,french,0
5ace82e135eccf0001a11c96,66bcb3acc2bf9a8a4fb322dd,2024-08-21T00:45:02.128Z,foolish,1
5ace82e135eccf0001a11c96,66bcb3acc2bf9a8a4fb322dd,2024-08-21T00:45:02.128Z,fret,2
5ace82e135eccf0001a11c96,66bcb3acc2bf9a8a4fb322dd,2024-08-21T00:45:02.128Z,find,3
5ace82e135eccf0001a11c96,66bcb3acc2bf9a8a4fb322dd,2024-08-21T00:45:02.128Z,finger,4
5ace82e135eccf0001a11c96,66bcb3acc2bf9a8a4fb322dd,2024-08-21T00:45:02.128Z,floss,5
5ace82e135eccf0001a11c96,66bcb3acc2bf9a8a4fb322dd,2024-08-21T00:45:02.128Z,finance,6
5ace82e135eccf0001a11c96,66bcb3acc2bf9a8a4fb322dd,2024-08-21T00:45:02.128Z,for,7
5ace82e135eccf0001a11c96,66bcb3acc2bf9a8a4fb322dd,2024-08-21T00:45:02.128Z,four,8
5ace82e135eccf0001a11c96,66bcb3acc2bf9a8a4fb322dd,2024-08-21T00:45:02.128Z,fail,9
5ace82e135eccf0001a11c96,66bcb3acc2bf9a8a4fb322dd,2024-08-21T00:45:02.128Z,flair,10
5ace82e135eccf0001a11c96,66bcb3acc2bf9a8a4fb322dd,2024-08-21T00:45:02.128Z,funny,11
6546549b0511efc35646724f,66bcb3acc2bf9a8a4fb322dd,2024-08-21T00:46:25.401Z,Fast,0
6546549b0511efc35646724f,66bcb3acc2bf9a8a4fb322dd,2024-08-21T00:46:25.401Z,Fertilizer,1
6546549b0511efc35646724f,66bcb3acc2bf9a8a4fb322dd,2024-08-21T00:46:25.401Z,Farm,2
6546549b0511efc35646724f,66bcb3acc2bf9a8a4fb322dd,2024-08-21T00:46:25.401Z,Farming,3
6546549b0511efc35646724f,66bcb3acc2bf9a8a4fb322dd,2024-08-21T00:46:25.401Z,Front,4
6546549b0511efc35646724f,66bcb3acc2bf9a8a4fb322dd,2024-08-21T00:46:25.401Z,Face,5
6546549b0511efc35646724f,66bcb3acc2bf9a8a4fb322dd,2024-08-21T00:46:25.401Z,Fern,6
6546549b0511efc35646724f,66bcb3acc2bf9a8a4fb322dd,2024-08-21T00:46:25.401Z,Family,7
6546549b0511efc35646724f,66bcb3acc2bf9a8a4fb322dd,2024-08-21T00:46:25.401Z,Familiar,8
6546549b0511efc35646724f,66bcb3acc2bf9a8a4fb322dd,2024-08-21T00:46:25.401Z,Fennel,9
6546549b0511efc35646724f,66bcb3acc2bf9a8a4fb322dd,2024-08-21T00:46:25.401Z,Frock,10
65959bfed43a65c4d24b7445,66bcb3acc2bf9a8a4fb322dd,2024-08-21T00:43:42.729Z,fairy,0
65959bfed43a65c4d24b7445,66bcb3acc2bf9a8a4fb322dd,2024-08-21T00:43:42.729Z,feline,1
65959bfed43a65c4d24b7445,66bcb3acc2bf9a8a4fb322dd,2024-08-21T00:43:42.729Z,fantastic,2
65959bfed43a65c4d24b7445,66bcb3acc2bf9a8a4fb322dd,2024-08-21T00:43:42.729Z,fake,3
65959bfed43a65c4d24b7445,66bcb3acc2bf9a8a4fb322dd,2024-08-21T00:43:42.729Z,flip,4
65959bfed43a65c4d24b7445,66bcb3acc2bf9a8a4fb322dd,2024-08-21T00:43:42.729Z,frankly,5
65959bfed43a65c4d24b7445,66bcb3acc2bf9a8a4fb322dd,2024-08-21T00:43:42.729Z,fidelity,6
65959bfed43a65c4d24b7445,66bcb3acc2bf9a8a4fb322dd,2024-08-21T00:43:42.729Z,fine,7
65959bfed43a65c4d24b7445,66bcb3acc2bf9a8a4fb322dd,2024-08-21T00:43:42.729Z,feet,8
65959bfed43a65c4d24b7445,66bcb3acc2bf9a8a4fb322dd,2024-08-21T00:43:42.729Z,foot,9
65959bfed43a65c4d24b7445,66bcb3acc2bf9a8a4fb322dd,2024-08-21T00:43:42.729Z,friend,10
65959bfed43a65c4d24b7445,66bcb3acc2bf9a8a4fb322dd,2024-08-21T00:43:42.729Z,fool,11
5e0e60798205265be682850e,66bcb3acc2bf9a8a4fb322dd,2024-08-21T00:46:02.072Z,Fish,0
5e0e60798205265be682850e,66bcb3acc2bf9a8a4fb322dd,2024-08-21T00:46:02.072Z,Food,1
5e0e60798205265be682850e,66bcb3acc2bf9a8a4fb322dd,2024-08-21T00:46:02.072Z,Fly,2
5e0e60798205265be682850e,66bcb3acc2bf9a8a4fb322dd,2024-08-21T00:46:02.072Z,Fun,3
5e0e60798205265be682850e,66bcb3acc2bf9a8a4fb322dd,2024-08-21T00:46:02.072Z,Fiber,4
5e0e60798205265be682850e,66bcb3acc2bf9a8a4fb322dd,2024-08-21T00:46:02.072Z,Fix,5
5e0e60798205265be682850e,66bcb3acc2bf9a8a4fb322dd,2024-08-21T00:46:02.072Z,Fig,6
5e0e60798205265be682850e,66bcb3acc2bf9a8a4fb322dd,2024-08-21T00:46:02.072Z,Fib,7
5e0e60798205265be682850e,66bcb3acc2bf9a8a4fb322dd,2024-08-21T00:46:02.072Z,Feed,8
5e0e60798205265be682850e,66bcb3acc2bf9a8a4fb322dd,2024-08-21T00:46:02.072Z,Fade,9
5e0e60798205265be682850e,66bcb3acc2bf9a8a4fb322dd,2024-08-21T00:46:02.072Z,Fate,10
5e0e60798205265be682850e,66bcb3acc2bf9a8a4fb322dd,2024-08-21T00:46:02.072Z,Fin,11
5e0e60798205265be682850e,66bcb3acc2bf9a8a4fb322dd,2024-08-21T00:46:02.072Z,Fit,12
60650e72f3359295eb889c0f,66bcb3acc2bf9a8a4fb322dd,2024-08-21T00:46:03.946Z,football,0
60650e72f3359295eb889c0f,66bcb3acc2bf9a8a4fb322dd,2024-08-21T00:46:03.946Z,food,1
60650e72f3359295eb889c0f,66bcb3acc2bf9a8a4fb322dd,2024-08-21T00:46:03.946Z,france,3
60650e72f3359295eb889c0f,66bcb3acc2bf9a8a4fb322dd,2024-08-21T00:46:03.946Z,face,4
60650e72f3359295eb889c0f,66bcb3acc2bf9a8a4fb322dd,2024-08-21T00:46:03.946Z,fruit,5
60650e72f3359295eb889c0f,66bcb3acc2bf9a8a4fb322dd,2024-08-21T00:46:03.946Z,feelings,6
60650e72f3359295eb889c0f,66bcb3acc2bf9a8a4fb322dd,2024-08-21T00:46:03.946Z,feel,7
60650e72f3359295eb889c0f,66bcb3acc2bf9a8a4fb322dd,2024-08-21T00:46:03.946Z,feet,8
60650e72f3359295eb889c0f,66bcb3acc2bf9a8a4fb322dd,2024-08-21T00:46:03.946Z,foot,9
60650e72f3359295eb889c0f,66bcb3acc2bf9a8a4fb322dd,2024-08-21T00:46:03.946Z,felt,10
60650e72f3359295eb889c0f,66bcb3acc2bf9a8a4fb322dd,2024-08-21T00:46:03.946Z,fort,11
60650e72f3359295eb889c0f,66bcb3acc2bf9a8a4fb322dd,2024-08-21T00:46:03.946Z,frog,12
66b8c306d952179ebea2f50f,66bcb3acc2bf9a8a4fb322dd,2024-08-21T00:46:56.354Z,Fore,0
66b8c306d952179ebea2f50f,66bcb3acc2bf9a8a4fb322dd,2024-08-21T00:46:56.354Z,Fourth,1
66b8c306d952179ebea2f50f,66bcb3acc2bf9a8a4fb322dd,2024-08-21T00:46:56.354Z,Form,2
66b8c306d952179ebea2f50f,66bcb3acc2bf9a8a4fb322dd,2024-08-21T00:46:56.354Z,Fiddle,3
66b8c306d952179ebea2f50f,66bcb3acc2bf9a8a4fb322dd,2024-08-21T00:46:56.354Z,Frump,4
66b8c306d952179ebea2f50f,66bcb3acc2bf9a8a4fb322dd,2024-08-21T00:46:56.354Z,Fire,5
66b8c306d952179ebea2f50f,66bcb3acc2bf9a8a4fb322dd,2024-08-21T00:46:56.354Z,First,6
66b8c306d952179ebea2f50f,66bcb3acc2bf9a8a4fb322dd,2024-08-21T00:46:56.354Z,Fifth,7
66b8c306d952179ebea2f50f,66bcb3acc2bf9a8a4fb322dd,2024-08-21T00:46:56.354Z,Frazzle,8
66b8c306d952179ebea2f50f,66bcb3acc2bf9a8a4fb322dd,2024-08-21T00:46:56.354Z,Flip,9
66b8c306d952179ebea2f50f,66bcb3acc2bf9a8a4fb322dd,2024-08-21T00:46:56.354Z,Frog,10
66b8c306d952179ebea2f50f,66bcb3acc2bf9a8a4fb322dd,2024-08-21T00:46:56.354Z,fame,11
56ccc18e4fcf69000c1718aa,66bcb3acc2bf9a8a4fb322dd,2024-08-21T00:43:30.626Z,Find,0
56ccc18e4fcf69000c1718aa,66bcb3acc2bf9a8a4fb322dd,2024-08-21T00:43:30.626Z,Free,1
56ccc18e4fcf69000c1718aa,66bcb3acc2bf9a8a4fb322dd,2024-08-21T00:43:30.626Z,Freedom,2
56ccc18e4fcf69000c1718aa,66bcb3acc2bf9a8a4fb322dd,2024-08-21T00:43:30.626Z,Fit,3
56ccc18e4fcf69000c1718aa,66bcb3acc2bf9a8a4fb322dd,2024-08-21T00:43:30.626Z,Fitness,4
56ccc18e4fcf69000c1718aa,66bcb3acc2bf9a8a4fb322dd,2024-08-21T00:43:30.626Z,Fat,6
56ccc18e4fcf69000c1718aa,66bcb3acc2bf9a8a4fb322dd,2024-08-21T00:43:30.626Z,Fatter,7
56ccc18e4fcf69000c1718aa,66bcb3acc2bf9a8a4fb322dd,2024-08-21T00:43:30.626Z,Fatten,8
56ccc18e4fcf69000c1718aa,66bcb3acc2bf9a8a4fb322dd,2024-08-21T00:43:30.626Z,Fattened,9
56ccc18e4fcf69000c1718aa,66bcb3acc2bf9a8a4fb322dd,2024-08-21T00:43:30.626Z,Freely,10
56ccc18e4fcf69000c1718aa,66bcb3acc2bf9a8a4fb322dd,2024-08-21T00:43:30.626Z,Finder,11
56ccc18e4fcf69000c1718aa,66bcb3acc2bf9a8a4fb322dd,2024-08-21T00:43:30.626Z,Finding,12
56ccc18e4fcf69000c1718aa,66bcb3acc2bf9a8a4fb322dd,2024-08-21T00:43:30.626Z,Findings,13
56ccc18e4fcf69000c1718aa,66bcb3acc2bf9a8a4fb322dd,2024-08-21T00:43:30.626Z,Fits,14
56ccc18e4fcf69000c1718aa,66bcb3acc2bf9a8a4fb322dd,2024-08-21T00:43:30.626Z,For,15
56ccc18e4fcf69000c1718aa,66bcb3acc2bf9a8a4fb322dd,2024-08-21T00:43:30.626Z,Forth,16
56ccc18e4fcf69000c1718aa,66bcb3acc2bf9a8a4fb322dd,2024-08-21T00:43:30.626Z,Forthright,17
56ccc18e4fcf69000c1718aa,66bcb3acc2bf9a8a4fb322dd,2024-08-21T00:43:30.626Z,Forethought,18
56ccc18e4fcf69000c1718aa,66bcb3acc2bf9a8a4fb322dd,2024-08-21T00:43:30.626Z,Fad,19
56ccc18e4fcf69000c1718aa,66bcb3acc2bf9a8a4fb322dd,2024-08-21T00:43:30.626Z,Fades,20
56ccc18e4fcf69000c1718aa,66bcb3acc2bf9a8a4fb322dd,2024-08-21T00:43:30.626Z,Fads,21
5f0cc2ab16b21216d946574c,66bcb3acc2bf9a8a4fb322dd,2024-08-21T00:46:44.195Z,food,0
5f0cc2ab16b21216d946574c,66bcb3acc2bf9a8a4fb322dd,2024-08-21T00:46:44.195Z,fair,1
5f0cc2ab16b21216d946574c,66bcb3acc2bf9a8a4fb322dd,2024-08-21T00:46:44.195Z,fare,2
5f0cc2ab16b21216d946574c,66bcb3acc2bf9a8a4fb322dd,2024-08-21T00:46:44.195Z,fool,3
5f0cc2ab16b21216d946574c,66bcb3acc2bf9a8a4fb322dd,2024-08-21T00:46:44.195Z,follow,4
5f0cc2ab16b21216d946574c,66bcb3acc2bf9a8a4fb322dd,2024-08-21T00:46:44.195Z,foolish,5
5f0cc2ab16b21216d946574c,66bcb3acc2bf9a8a4fb322dd,2024-08-21T00:46:44.195Z,fools,6
5f0cc2ab16b21216d946574c,66bcb3acc2bf9a8a4fb322dd,2024-08-21T00:46:44.195Z,foodie,7
5f0cc2ab16b21216d946574c,66bcb3acc2bf9a8a4fb322dd,2024-08-21T00:46:44.195Z,frank,8
5f0cc2ab16b21216d946574c,66bcb3acc2bf9a8a4fb322dd,2024-08-21T00:46:44.195Z,forever,9
5f0cc2ab16b21216d946574c,66bcb3acc2bf9a8a4fb322dd,2024-08-21T00:46:44.195Z,friend,10
5f0cc2ab16b21216d946574c,66bcb3acc2bf9a8a4fb322dd,2024-08-21T00:46:44.195Z,fry,11
5f0cc2ab16b21216d946574c,66bcb3acc2bf9a8a4fb322dd,2024-08-21T00:46:44.195Z,fries,12
5f0cc2ab16b21216d946574c,66bcb3acc2bf9a8a4fb322dd,2024-08-21T00:46:44.195Z,fryer,13
5f0cc2ab16b21216d946574c,66bcb3acc2bf9a8a4fb322dd,2024-08-21T00:46:44.195Z,family,14
5f0cc2ab16b21216d946574c,66bcb3acc2bf9a8a4fb322dd,2024-08-21T00:46:44.195Z,future,15
5f0cc2ab16b21216d946574c,66bcb3acc2bf9a8a4fb322dd,2024-08-21T00:46:44.195Z,fund,16
662a4a8b566905a139dc2ce1,66bcb3acc2bf9a8a4fb322dd,2024-08-21T00:48:03.486Z,fluent,0
662a4a8b566905a139dc2ce1,66bcb3acc2bf9a8a4fb322dd,2024-08-21T00:48:03.486Z,fly,1
662a4a8b566905a139dc2ce1,66bcb3acc2bf9a8a4fb322dd,2024-08-21T00:48:03.486Z,fierce,2
662a4a8b566905a139dc2ce1,66bcb3acc2bf9a8a4fb322dd,2024-08-21T00:48:03.486Z,fumble,3
662a4a8b566905a139dc2ce1,66bcb3acc2bf9a8a4fb322dd,2024-08-21T00:48:03.486Z,fake,4
662a4a8b566905a139dc2ce1,66bcb3acc2bf9a8a4fb322dd,2024-08-21T00:48:03.486Z,fidget,5
662a4a8b566905a139dc2ce1,66bcb3acc2bf9a8a4fb322dd,2024-08-21T00:48:03.486Z,fight,6
662a4a8b566905a139dc2ce1,66bcb3acc2bf9a8a4fb322dd,2024-08-21T00:48:03.486Z,fig,7
662a4a8b566905a139dc2ce1,66bcb3acc2bf9a8a4fb322dd,2024-08-21T00:48:03.486Z,fit,8
662a4a8b566905a139dc2ce1,66bcb3acc2bf9a8a4fb322dd,2024-08-21T00:48:03.486Z,fib,9
662a4a8b566905a139dc2ce1,66bcb3acc2bf9a8a4fb322dd,2024-08-21T00:48:03.486Z,face,10
662a4a8b566905a139dc2ce1,66bcb3acc2bf9a8a4fb322dd,2024-08-21T00:48:03.486Z,fill,11
662a4a8b566905a139dc2ce1,66bcb3acc2bf9a8a4fb322dd,2024-08-21T00:48:03.486Z,full,12
662a4a8b566905a139dc2ce1,66bcb3acc2bf9a8a4fb322dd,2024-08-21T00:48:03.486Z,fluent,0
662a4a8b566905a139dc2ce1,66bcb3acc2bf9a8a4fb322dd,2024-08-21T00:48:03.486Z,fly,1
662a4a8b566905a139dc2ce1,66bcb3acc2bf9a8a4fb322dd,2024-08-21T00:48:03.486Z,fierce,2
662a4a8b566905a139dc2ce1,66bcb3acc2bf9a8a4fb322dd,2024-08-21T00:48:03.486Z,fumble,3
662a4a8b566905a139dc2ce1,66bcb3acc2bf9a8a4fb322dd,2024-08-21T00:48:03.486Z,fake,4
662a4a8b566905a139dc2ce1,66bcb3acc2bf9a8a4fb322dd,2024-08-21T00:48:03.486Z,fidget,5
662a4a8b566905a139dc2ce1,66bcb3acc2bf9a8a4fb322dd,2024-08-21T00:48:03.486Z,fight,6
662a4a8b566905a139dc2ce1,66bcb3acc2bf9a8a4fb322dd,2024-08-21T00:48:03.486Z,fig,7
662a4a8b566905a139dc2ce1,66bcb3acc2bf9a8a4fb322dd,2024-08-21T00:48:03.486Z,fit,8
662a4a8b566905a139dc2ce1,66bcb3acc2bf9a8a4fb322dd,2024-08-21T00:48:03.486Z,fib,9
662a4a8b566905a139dc2ce1,66bcb3acc2bf9a8a4fb322dd,2024-08-21T00:48:03.486Z,face,10
662a4a8b566905a139dc2ce1,66bcb3acc2bf9a8a4fb322dd,2024-08-21T00:48:03.486Z,fill,11
662a4a8b566905a139dc2ce1,66bcb3acc2bf9a8a4fb322dd,2024-08-21T00:48:03.486Z,full,12
65e763a481f580c8f0dce113,66bcb3acc2bf9a8a4fb322dd,2024-08-21T00:49:36.373Z,fries,0
65e763a481f580c8f0dce113,66bcb3acc2bf9a8a4fb322dd,2024-08-21T00:49:36.373Z,food,1
65e763a481f580c8f0dce113,66bcb3acc2bf9a8a4fb322dd,2024-08-21T00:49:36.373Z,flag,2
65e763a481f580c8f0dce113,66bcb3acc2bf9a8a4fb322dd,2024-08-21T00:49:36.373Z,frog,3
65e763a481f580c8f0dce113,66bcb3acc2bf9a8a4fb322dd,2024-08-21T00:49:36.373Z,fall,4
60ccdc25fd512fd47ae6d64c,66bcb3acc2bf9a8a4fb322dd,2024-08-21T00:47:27.616Z,Fire,0
60ccdc25fd512fd47ae6d64c,66bcb3acc2bf9a8a4fb322dd,2024-08-21T00:47:27.616Z,Fighter,1
60ccdc25fd512fd47ae6d64c,66bcb3acc2bf9a8a4fb322dd,2024-08-21T00:47:27.616Z,Force,2
60ccdc25fd512fd47ae6d64c,66bcb3acc2bf9a8a4fb322dd,2024-08-21T00:47:27.616Z,Future,3
60ccdc25fd512fd47ae6d64c,66bcb3acc2bf9a8a4fb322dd,2024-08-21T00:47:27.616Z,Flying,4
60ccdc25fd512fd47ae6d64c,66bcb3acc2bf9a8a4fb322dd,2024-08-21T00:47:27.616Z,Free,5
60ccdc25fd512fd47ae6d64c,66bcb3acc2bf9a8a4fb322dd,2024-08-21T00:47:27.616Z,Feeling,6
60ccdc25fd512fd47ae6d64c,66bcb3acc2bf9a8a4fb322dd,2024-08-21T00:47:27.616Z,Facts,7
666379d9536eb7e9c7a0eaba,66bcb3acc2bf9a8a4fb322dd,2024-08-21T00:46:57.779Z,fish,0
666379d9536eb7e9c7a0eaba,66bcb3acc2bf9a8a4fb322dd,2024-08-21T00:46:57.779Z,friends,1
666379d9536eb7e9c7a0eaba,66bcb3acc2bf9a8a4fb322dd,2024-08-21T00:46:57.779Z,fried,2
666379d9536eb7e9c7a0eaba,66bcb3acc2bf9a8a4fb322dd,2024-08-21T00:46:57.779Z,four,3
666379d9536eb7e9c7a0eaba,66bcb3acc2bf9a8a4fb322dd,2024-08-21T00:46:57.779Z,forward,4
5ac897a6e734400001da581c,66bcb3acc2bf9a8a4fb322dd,2024-08-21T00:46:11.689Z,Far,0
5ac897a6e734400001da581c,66bcb3acc2bf9a8a4fb322dd,2024-08-21T00:46:11.689Z,Few,1
5ac897a6e734400001da581c,66bcb3acc2bf9a8a4fb322dd,2024-08-21T00:46:11.689Z,Fear,2
5ac897a6e734400001da581c,66bcb3acc2bf9a8a4fb322dd,2024-08-21T00:46:11.689Z,Father,3
5ac897a6e734400001da581c,66bcb3acc2bf9a8a4fb322dd,2024-08-21T00:46:11.689Z,Feature,4
5ac897a6e734400001da581c,66bcb3acc2bf9a8a4fb322dd,2024-08-21T00:46:11.689Z,feather,5
5ac897a6e734400001da581c,66bcb3acc2bf9a8a4fb322dd,2024-08-21T00:46:11.689Z,Figure,6
5ac897a6e734400001da581c,66bcb3acc2bf9a8a4fb322dd,2024-08-21T00:46:11.689Z,Future,7
5ac897a6e734400001da581c,66bcb3acc2bf9a8a4fb322dd,2024-08-21T00:46:11.689Z,Fantasy,8
65076c797ee85f5947193819,66bcb3acc2bf9a8a4fb322dd,2024-08-21T00:48:11.296Z,frank,0
65076c797ee85f5947193819,66bcb3acc2bf9a8a4fb322dd,2024-08-21T00:48:11.296Z,finish,1
65076c797ee85f5947193819,66bcb3acc2bf9a8a4fb322dd,2024-08-21T00:48:11.296Z,finally,2
65076c797ee85f5947193819,66bcb3acc2bf9a8a4fb322dd,2024-08-21T00:48:11.296Z,finale,3
65076c797ee85f5947193819,66bcb3acc2bf9a8a4fb322dd,2024-08-21T00:48:11.296Z,fish,4
65076c797ee85f5947193819,66bcb3acc2bf9a8a4fb322dd,2024-08-21T00:48:11.296Z,family,5
65076c797ee85f5947193819,66bcb3acc2bf9a8a4fb322dd,2024-08-21T00:48:11.296Z,fame,6
65076c797ee85f5947193819,66bcb3acc2bf9a8a4fb322dd,2024-08-21T00:48:11.296Z,fashion,7
65076c797ee85f5947193819,66bcb3acc2bf9a8a4fb322dd,2024-08-21T00:48:11.296Z,foo,8
65076c797ee85f5947193819,66bcb3acc2bf9a8a4fb322dd,2024-08-21T00:48:11.296Z,flip,9
65076c797ee85f5947193819,66bcb3acc2bf9a8a4fb322dd,2024-08-21T00:48:11.296Z,france,10
65076c797ee85f5947193819,66bcb3acc2bf9a8a4fb322dd,2024-08-21T00:48:11.296Z,fraze,11
65076c797ee85f5947193819,66bcb3acc2bf9a8a4fb322dd,2024-08-21T00:48:11.296Z,fetch,12
66757b19a08cd45425274bd3,66bcb3acc2bf9a8a4fb322dd,2024-08-21T00:43:46.278Z,friend,0
66757b19a08cd45425274bd3,66bcb3acc2bf9a8a4fb322dd,2024-08-21T00:43:46.278Z,frank,1
66757b19a08cd45425274bd3,66bcb3acc2bf9a8a4fb322dd,2024-08-21T00:43:46.278Z,flick,2
66757b19a08cd45425274bd3,66bcb3acc2bf9a8a4fb322dd,2024-08-21T00:43:46.278Z,flame,3
66757b19a08cd45425274bd3,66bcb3acc2bf9a8a4fb322dd,2024-08-21T00:43:46.278Z,flair,4
66757b19a08cd45425274bd3,66bcb3acc2bf9a8a4fb322dd,2024-08-21T00:43:46.278Z,flail,5
66757b19a08cd45425274bd3,66bcb3acc2bf9a8a4fb322dd,2024-08-21T00:43:46.278Z,fail,6
66757b19a08cd45425274bd3,66bcb3acc2bf9a8a4fb322dd,2024-08-21T00:43:46.278Z,facilitate,7
66757b19a08cd45425274bd3,66bcb3acc2bf9a8a4fb322dd,2024-08-21T00:43:46.278Z,fetch,8
66757b19a08cd45425274bd3,66bcb3acc2bf9a8a4fb322dd,2024-08-21T00:43:46.278Z,fish,9
66757b19a08cd45425274bd3,66bcb3acc2bf9a8a4fb322dd,2024-08-21T00:43:46.278Z,flamethrower,10
66757b19a08cd45425274bd3,66bcb3acc2bf9a8a4fb322dd,2024-08-21T00:43:46.278Z,fleece,11
66757b19a08cd45425274bd3,66bcb3acc2bf9a8a4fb322dd,2024-08-21T00:43:46.278Z,frame,12
66757b19a08cd45425274bd3,66bcb3acc2bf9a8a4fb322dd,2024-08-21T00:43:46.278Z,freeze,13
66757b19a08cd45425274bd3,66bcb3acc2bf9a8a4fb322dd,2024-08-21T00:43:46.278Z,free,14
668ad871a1139f6fd4158d04,66bcb3acc2bf9a8a4fb322dd,2024-08-21T00:49:20.534Z,frog,0
668ad871a1139f6fd4158d04,66bcb3acc2bf9a8a4fb322dd,2024-08-21T00:49:20.534Z,fat,1
668ad871a1139f6fd4158d04,66bcb3acc2bf9a8a4fb322dd,2024-08-21T00:49:20.534Z,fashion,2
668ad871a1139f6fd4158d04,66bcb3acc2bf9a8a4fb322dd,2024-08-21T00:49:20.534Z,flirt,3
668ad871a1139f6fd4158d04,66bcb3acc2bf9a8a4fb322dd,2024-08-21T00:49:20.534Z,flower,4
668ad871a1139f6fd4158d04,66bcb3acc2bf9a8a4fb322dd,2024-08-21T00:49:20.534Z,firm,5
668ad871a1139f6fd4158d04,66bcb3acc2bf9a8a4fb322dd,2024-08-21T00:49:20.534Z,fit,6
668ad871a1139f6fd4158d04,66bcb3acc2bf9a8a4fb322dd,2024-08-21T00:49:20.534Z,fig,7
668ad871a1139f6fd4158d04,66bcb3acc2bf9a8a4fb322dd,2024-08-21T00:49:20.534Z,full,8
668ad871a1139f6fd4158d04,66bcb3acc2bf9a8a4fb322dd,2024-08-21T00:49:20.534Z,fun,9
668ad871a1139f6fd4158d04,66bcb3acc2bf9a8a4fb322dd,2024-08-21T00:49:20.534Z,fill,10
668ad871a1139f6fd4158d04,66bcb3acc2bf9a8a4fb322dd,2024-08-21T00:49:20.534Z,fall,11
668ad871a1139f6fd4158d04,66bcb3acc2bf9a8a4fb322dd,2024-08-21T00:49:20.534Z,fry,12
6439e861eda272218b2abec6,66bcb3acc2bf9a8a4fb322dd,2024-08-21T00:47:07.586Z,fail,0
6439e861eda272218b2abec6,66bcb3acc2bf9a8a4fb322dd,2024-08-21T00:47:07.586Z,follow,1
6439e861eda272218b2abec6,66bcb3acc2bf9a8a4fb322dd,2024-08-21T00:47:07.586Z,from,2
6439e861eda272218b2abec6,66bcb3acc2bf9a8a4fb322dd,2024-08-21T00:47:07.586Z,fortitude,3
6439e861eda272218b2abec6,66bcb3acc2bf9a8a4fb322dd,2024-08-21T00:47:07.586Z,fallacy,4
6439e861eda272218b2abec6,66bcb3acc2bf9a8a4fb322dd,2024-08-21T00:47:07.586Z,fall,5
6439e861eda272218b2abec6,66bcb3acc2bf9a8a4fb322dd,2024-08-21T00:47:07.586Z,font,6
6439e861eda272218b2abec6,66bcb3acc2bf9a8a4fb322dd,2024-08-21T00:47:07.586Z,fountain,7
6439e861eda272218b2abec6,66bcb3acc2bf9a8a4fb322dd,2024-08-21T00:47:07.586Z,formal,8
6439e861eda272218b2abec6,66bcb3acc2bf9a8a4fb322dd,2024-08-21T00:47:07.586Z,frost,9
6439e861eda272218b2abec6,66bcb3acc2bf9a8a4fb322dd,2024-08-21T00:47:07.586Z,frostbite,10
6439e861eda272218b2abec6,66bcb3acc2bf9a8a4fb322dd,2024-08-21T00:47:07.586Z,frill,11
5f2732c17f64f043dd83bdbb,66bcb3acc2bf9a8a4fb322dd,2024-08-21T00:48:11.571Z,fan,0
5f2732c17f64f043dd83bdbb,66bcb3acc2bf9a8a4fb322dd,2024-08-21T00:48:11.571Z,fare,1
5f2732c17f64f043dd83bdbb,66bcb3acc2bf9a8a4fb322dd,2024-08-21T00:48:11.571Z,fair,2
5f2732c17f64f043dd83bdbb,66bcb3acc2bf9a8a4fb322dd,2024-08-21T00:48:11.571Z,feast,3
5f2732c17f64f043dd83bdbb,66bcb3acc2bf9a8a4fb322dd,2024-08-21T00:48:11.571Z,fun,4
5f2732c17f64f043dd83bdbb,66bcb3acc2bf9a8a4fb322dd,2024-08-21T00:48:11.571Z,flat,5
5f2732c17f64f043dd83bdbb,66bcb3acc2bf9a8a4fb322dd,2024-08-21T00:48:11.571Z,found,6
5f2732c17f64f043dd83bdbb,66bcb3acc2bf9a8a4fb322dd,2024-08-21T00:48:11.571Z,find,7
5f2732c17f64f043dd83bdbb,66bcb3acc2bf9a8a4fb322dd,2024-08-21T00:48:11.571Z,flare,8
5f2732c17f64f043dd83bdbb,66bcb3acc2bf9a8a4fb322dd,2024-08-21T00:48:11.571Z,felt,9
5f2732c17f64f043dd83bdbb,66bcb3acc2bf9a8a4fb322dd,2024-08-21T00:48:11.571Z,flake,10
66b17a99b67f368116866c88,66bcb3acc2bf9a8a4fb322dd,2024-08-21T00:51:35.527Z,foul,0
66b17a99b67f368116866c88,66bcb3acc2bf9a8a4fb322dd,2024-08-21T00:51:35.527Z,fun,1
66b17a99b67f368116866c88,66bcb3acc2bf9a8a4fb322dd,2024-08-21T00:51:35.527Z,foreever,2
66b17a99b67f368116866c88,66bcb3acc2bf9a8a4fb322dd,2024-08-21T00:51:35.527Z,friend,3
66b17a99b67f368116866c88,66bcb3acc2bf9a8a4fb322dd,2024-08-21T00:51:35.527Z,fabulous,4
66b17a99b67f368116866c88,66bcb3acc2bf9a8a4fb322dd,2024-08-21T00:51:35.527Z,forge,5
66b17a99b67f368116866c88,66bcb3acc2bf9a8a4fb322dd,2024-08-21T00:51:35.527Z,fantastic,6
66b17a99b67f368116866c88,66bcb3acc2bf9a8a4fb322dd,2024-08-21T00:51:35.527Z,feeble,7
66b17a99b67f368116866c88,66bcb3acc2bf9a8a4fb322dd,2024-08-21T00:51:35.527Z,fast,8
66b17a99b67f368116866c88,66bcb3acc2bf9a8a4fb322dd,2024-08-21T00:51:35.527Z,frenetic,9
66b17a99b67f368116866c88,66bcb3acc2bf9a8a4fb322dd,2024-08-21T00:51:35.527Z,fit,10
66b17a99b67f368116866c88,66bcb3acc2bf9a8a4fb322dd,2024-08-21T00:51:35.527Z,food,11
667ac74b326f8ab38d0cb18d,66bcb3acc2bf9a8a4fb322dd,2024-08-21T00:51:20.029Z, Full,0
667ac74b326f8ab38d0cb18d,66bcb3acc2bf9a8a4fb322dd,2024-08-21T00:51:20.029Z,fish,1
667ac74b326f8ab38d0cb18d,66bcb3acc2bf9a8a4fb322dd,2024-08-21T00:51:20.029Z,fast,2
667ac74b326f8ab38d0cb18d,66bcb3acc2bf9a8a4fb322dd,2024-08-21T00:51:20.029Z,former,3
667ac74b326f8ab38d0cb18d,66bcb3acc2bf9a8a4fb322dd,2024-08-21T00:51:20.029Z,fury,4
667da24a3c9c2144a2c19be5,66bcb3acc2bf9a8a4fb322dd,2024-08-21T00:49:04.457Z,fun,0
667da24a3c9c2144a2c19be5,66bcb3acc2bf9a8a4fb322dd,2024-08-21T00:49:04.457Z,friend,1
667da24a3c9c2144a2c19be5,66bcb3acc2bf9a8a4fb322dd,2024-08-21T00:49:04.457Z,fight,2
667da24a3c9c2144a2c19be5,66bcb3acc2bf9a8a4fb322dd,2024-08-21T00:49:04.457Z,find,3
667da24a3c9c2144a2c19be5,66bcb3acc2bf9a8a4fb322dd,2024-08-21T00:49:04.457Z,from,4
667da24a3c9c2144a2c19be5,66bcb3acc2bf9a8a4fb322dd,2024-08-21T00:49:04.457Z,free,5
667da24a3c9c2144a2c19be5,66bcb3acc2bf9a8a4fb322dd,2024-08-21T00:49:04.457Z,fuss,6
667da24a3c9c2144a2c19be5,66bcb3acc2bf9a8a4fb322dd,2024-08-21T00:49:04.457Z,forget,7
6626f18372aacd362b3a4fe2,66bcb3acc2bf9a8a4fb322dd,2024-08-21T00:48:08.866Z,Foil,0
6626f18372aacd362b3a4fe2,66bcb3acc2bf9a8a4fb322dd,2024-08-21T00:48:08.866Z,Fish,1
6626f18372aacd362b3a4fe2,66bcb3acc2bf9a8a4fb322dd,2024-08-21T00:48:08.866Z,Fossil,2
6626f18372aacd362b3a4fe2,66bcb3acc2bf9a8a4fb322dd,2024-08-21T00:48:08.866Z,Flag,3
6626f18372aacd362b3a4fe2,66bcb3acc2bf9a8a4fb322dd,2024-08-21T00:48:08.866Z,Flap,4
6626f18372aacd362b3a4fe2,66bcb3acc2bf9a8a4fb322dd,2024-08-21T00:48:08.866Z,Figure,5
6626f18372aacd362b3a4fe2,66bcb3acc2bf9a8a4fb322dd,2024-08-21T00:48:08.866Z,Famish,6
6626f18372aacd362b3a4fe2,66bcb3acc2bf9a8a4fb322dd,2024-08-21T00:48:08.866Z,Fat,7
6694980a250e449b57c018cc,66bcb3acc2bf9a8a4fb322dd,2024-08-21T00:55:12.216Z,fine,0
6694980a250e449b57c018cc,66bcb3acc2bf9a8a4fb322dd,2024-08-21T00:55:12.216Z,function,1
6694980a250e449b57c018cc,66bcb3acc2bf9a8a4fb322dd,2024-08-21T00:55:12.216Z,fall,2
6694980a250e449b57c018cc,66bcb3acc2bf9a8a4fb322dd,2024-08-21T00:55:12.216Z,fallen,3
6694980a250e449b57c018cc,66bcb3acc2bf9a8a4fb322dd,2024-08-21T00:55:12.216Z,first,4
6694980a250e449b57c018cc,66bcb3acc2bf9a8a4fb322dd,2024-08-21T00:55:12.216Z,flick,5
6694980a250e449b57c018cc,66bcb3acc2bf9a8a4fb322dd,2024-08-21T00:55:12.216Z,flat,6
6694980a250e449b57c018cc,66bcb3acc2bf9a8a4fb322dd,2024-08-21T00:55:12.216Z,flop,7
6694980a250e449b57c018cc,66bcb3acc2bf9a8a4fb322dd,2024-08-21T00:55:12.216Z,flank,8
6694980a250e449b57c018cc,66bcb3acc2bf9a8a4fb322dd,2024-08-21T00:55:12.216Z,flash,9
6694980a250e449b57c018cc,66bcb3acc2bf9a8a4fb322dd,2024-08-21T00:55:12.216Z,fear,10
6694980a250e449b57c018cc,66bcb3acc2bf9a8a4fb322dd,2024-08-21T00:55:12.216Z,fearsome,11
6694980a250e449b57c018cc,66bcb3acc2bf9a8a4fb322dd,2024-08-21T00:55:12.216Z,flippant,12
6694980a250e449b57c018cc,66bcb3acc2bf9a8a4fb322dd,2024-08-21T00:55:12.216Z,focus,13
6694980a250e449b57c018cc,66bcb3acc2bf9a8a4fb322dd,2024-08-21T00:55:12.216Z,focusing,14
6694980a250e449b57c018cc,66bcb3acc2bf9a8a4fb322dd,2024-08-21T00:55:12.216Z,flirt,15
6694980a250e449b57c018cc,66bcb3acc2bf9a8a4fb322dd,2024-08-21T00:55:12.216Z,flush,16
6694980a250e449b57c018cc,66bcb3acc2bf9a8a4fb322dd,2024-08-21T00:55:12.216Z,flushed,17
6694980a250e449b57c018cc,66bcb3acc2bf9a8a4fb322dd,2024-08-21T00:55:12.216Z,found,18
6694980a250e449b57c018cc,66bcb3acc2bf9a8a4fb322dd,2024-08-21T00:55:12.216Z,founder,19
65b69162f92e8eb2b3c20873,66bcb3acc2bf9a8a4fb322dd,2024-08-21T00:51:17.706Z,fat flare fast firm fun faint farm family fat firm fist full,0
5cab944b41de360017e2c3db,66bcb3acc2bf9a8a4fb322dd,2024-08-21T00:46:45.509Z,Fly,0
5cab944b41de360017e2c3db,66bcb3acc2bf9a8a4fb322dd,2024-08-21T00:46:45.509Z,Fig,1
5cab944b41de360017e2c3db,66bcb3acc2bf9a8a4fb322dd,2024-08-21T00:46:45.509Z,Fissure,2
5cab944b41de360017e2c3db,66bcb3acc2bf9a8a4fb322dd,2024-08-21T00:46:45.509Z,Fix,3
5cab944b41de360017e2c3db,66bcb3acc2bf9a8a4fb322dd,2024-08-21T00:46:45.509Z,Family,4
5cab944b41de360017e2c3db,66bcb3acc2bf9a8a4fb322dd,2024-08-21T00:46:45.509Z,Fake,5
5cab944b41de360017e2c3db,66bcb3acc2bf9a8a4fb322dd,2024-08-21T00:46:45.509Z,Finite,6
5cab944b41de360017e2c3db,66bcb3acc2bf9a8a4fb322dd,2024-08-21T00:46:45.509Z,Forward,7
5cab944b41de360017e2c3db,66bcb3acc2bf9a8a4fb322dd,2024-08-21T00:46:45.509Z,Failure,8
5cab944b41de360017e2c3db,66bcb3acc2bf9a8a4fb322dd,2024-08-21T00:46:45.509Z,Follow,9
5cab944b41de360017e2c3db,66bcb3acc2bf9a8a4fb322dd,2024-08-21T00:46:45.509Z,Fierce,10
66882270151cacf387e98f9f,66bcb3acc2bf9a8a4fb322dd,2024-08-21T01:01:30.472Z,four,0
66882270151cacf387e98f9f,66bcb3acc2bf9a8a4fb322dd,2024-08-21T01:01:30.472Z,false,1
66882270151cacf387e98f9f,66bcb3acc2bf9a8a4fb322dd,2024-08-21T01:01:30.472Z,fork,2
66882270151cacf387e98f9f,66bcb3acc2bf9a8a4fb322dd,2024-08-21T01:01:30.472Z,full,3
66882270151cacf387e98f9f,66bcb3acc2bf9a8a4fb322dd,2024-08-21T01:01:30.472Z,feel,4
66882270151cacf387e98f9f,66bcb3acc2bf9a8a4fb322dd,2024-08-21T01:01:30.472Z,fun,5
